index,totalseconds,Gender,Age,Edu,Marriage,Blue1,SCD,USC,DSC,Blue2,DI1,DI2,DI3,DC1,DC2,DC3,T1,Blue3,UI1,UI2,UI3,UC1,UC2,UC3,T2,Blue4,ASC1,ASC2,ASC3,ASC4,ASC5,T3,Blue5,OSC1,OSC2,OSC3,OSC4,OSC5,OSC6,OSC7,T4,Blue6,POS1,POS2,POS3,POS4,POS5,POS6,Blue7,RD1,RD2,RD3,RD4,RD5,T5,LS1,LS2,LS3,LS4,LS5,T6,totalvalue
4,250,1,36,4,2,6,6,5,2,6,5,5,6,5,5,6,1,6,6,6,6,2,2,2,1,6,6,6,6,6,5,6,6,6,6,6,6,6,6,6,1,6,5,5,5,5,2,5,6,2,2,1,2,2,1,5,5,6,5,2,1,252
5,264,2,32,3,1,1,1,4,1,5,1,1,1,1,1,1,1,7,7,7,7,7,1,1,1,7,7,7,7,7,7,6,7,7,7,7,7,7,7,7,1,7,7,7,7,7,7,4,7,5,1,1,1,1,1,7,7,7,4,1,1,252
9,252,2,39,4,2,6,6,5,4,6,3,3,3,4,4,4,1,6,5,6,5,4,4,4,1,6,4,4,4,4,3,6,6,4,5,5,5,5,4,4,1,6,3,3,4,4,3,4,6,4,3,4,4,4,1,5,4,5,5,4,1,231
13,333,2,33,4,2,7,7,4,2,7,5,5,6,3,3,3,1,7,7,4,4,7,6,5,1,7,4,6,5,7,2,6,7,4,5,6,6,5,6,4,1,7,7,5,2,3,3,4,7,5,4,5,6,4,1,7,4,5,4,1,1,260
14,274,2,35,4,2,6,5,5,3,7,3,2,2,3,3,2,1,6,5,6,5,2,3,2,1,6,2,5,5,4,3,6,6,2,3,3,4,5,5,3,1,6,4,2,3,2,1,4,6,3,1,1,1,1,1,6,5,6,5,4,1,198
15,333,2,31,4,2,5,6,5,1,5,5,4,5,7,6,4,1,2,6,7,7,3,5,6,1,3,4,5,6,5,2,6,5,3,2,6,6,7,2,2,1,6,5,4,4,7,6,6,6,3,3,2,5,2,1,6,5,6,5,6,1,245
16,280,2,28,5,2,6,6,5,3,7,5,6,6,4,4,5,1,6,3,5,3,4,5,5,1,7,6,4,6,4,4,6,6,5,6,5,5,6,5,5,1,6,3,3,3,5,3,2,6,5,4,6,4,5,1,3,5,5,3,3,1,247
17,348,1,31,4,2,6,6,5,2,6,6,7,5,7,4,6,1,6,5,7,6,6,5,7,1,6,5,7,6,5,4,6,6,5,5,4,6,5,6,7,1,6,5,7,6,5,4,6,6,5,7,6,5,2,1,6,5,6,5,6,1,288
20,385,1,38,4,2,6,7,5,1,6,5,4,3,5,6,6,1,7,6,6,7,1,3,2,1,7,5,7,6,5,5,6,6,6,7,7,7,7,5,6,1,7,4,5,4,5,4,5,6,6,2,1,2,1,1,7,5,7,6,7,1,267
26,253,2,21,4,1,5,2,3,5,6,4,5,3,4,5,6,1,5,4,2,3,6,5,4,1,5,6,4,6,5,3,6,6,5,4,7,5,4,4,6,1,5,6,5,3,4,3,3,6,5,4,7,5,4,1,5,4,5,2,3,1,237
27,262,2,29,4,2,5,6,5,4,6,5,5,5,4,6,6,1,5,6,6,6,5,5,5,1,6,4,4,4,4,4,6,5,5,5,5,4,4,4,5,1,6,5,5,5,5,4,5,6,5,5,4,5,4,1,6,5,5,6,5,1,260
28,373,2,28,3,2,7,5,4,4,7,7,6,4,5,6,6,1,7,6,5,5,3,4,6,1,7,4,3,4,3,3,6,7,3,4,4,4,5,3,2,1,7,3,3,4,4,4,5,7,4,2,2,4,2,1,5,5,6,6,5,1,242
30,279,2,28,5,2,7,6,5,3,7,5,6,5,4,3,4,1,6,3,4,3,5,6,5,1,6,5,6,5,5,4,6,6,5,5,6,5,6,5,6,1,7,3,2,3,5,3,3,6,5,4,6,5,5,1,3,4,3,2,2,1,244
31,456,1,33,4,2,6,4,5,4,7,4,6,3,5,4,6,1,5,6,5,6,5,7,5,1,6,4,6,5,4,6,6,6,5,7,6,4,6,5,7,1,6,4,4,6,4,4,4,6,5,6,4,6,4,1,5,4,6,3,5,1,267
32,357,2,49,4,2,6,6,4,3,7,3,3,5,4,6,6,1,2,5,6,5,4,3,3,1,6,2,3,6,3,1,6,5,3,5,4,6,6,5,1,1,6,4,3,4,4,2,5,7,4,3,2,3,2,1,6,5,6,5,4,1,223
34,347,2,35,4,2,6,6,6,2,6,3,3,2,1,4,4,1,7,5,6,7,4,5,6,1,7,5,5,4,5,6,6,6,5,6,5,5,6,5,4,1,7,5,6,4,5,5,5,6,4,3,3,3,2,1,5,5,6,5,3,1,250
37,322,2,28,4,2,4,5,4,2,3,2,1,2,6,7,6,1,5,4,5,7,2,3,1,1,4,5,3,5,4,4,6,3,4,3,5,4,4,2,3,1,4,6,5,5,7,6,6,4,2,1,3,1,1,1,5,7,7,6,7,1,216
39,311,1,37,4,2,6,6,6,2,6,3,2,3,5,6,5,1,6,6,6,7,5,5,5,1,6,5,6,5,5,5,6,7,6,6,7,6,6,6,6,1,7,5,5,5,6,5,5,7,3,3,5,3,3,1,5,5,5,5,3,1,268
40,389,2,31,4,2,5,6,4,3,6,3,3,3,5,5,5,1,6,6,7,5,7,7,5,1,6,4,5,6,5,4,6,6,5,5,7,6,7,5,5,1,5,4,4,5,6,3,5,6,5,6,5,6,4,1,3,4,5,3,2,1,259
41,396,1,40,4,2,6,4,3,4,5,5,6,4,6,4,5,1,5,6,3,5,3,4,5,1,5,3,6,5,4,3,6,4,4,3,5,6,5,3,5,1,5,4,5,5,6,5,4,6,5,6,5,6,5,1,3,2,3,3,2,1,235
44,302,1,40,4,2,5,7,7,1,5,4,4,5,6,6,4,1,5,7,7,7,6,4,7,1,6,4,5,3,5,5,6,5,5,4,5,5,6,4,5,1,5,6,6,7,7,6,6,6,4,3,2,2,1,1,6,6,7,6,4,1,265
46,614,2,35,3,2,4,5,6,2,4,7,5,3,7,6,5,1,4,6,7,6,3,5,7,1,4,5,6,7,5,6,6,4,6,4,5,4,5,6,3,1,4,2,3,5,5,2,5,4,5,2,1,1,2,1,3,4,5,7,2,1,235
47,566,2,31,4,2,4,5,5,4,5,3,4,3,5,6,6,1,3,6,4,5,4,6,6,1,4,2,4,6,5,3,6,4,4,3,2,2,5,3,2,1,5,4,3,3,5,5,5,5,4,5,2,3,4,1,4,4,5,5,3,1,218
48,559,1,38,3,2,5,5,5,3,6,4,3,3,5,4,3,1,1,3,2,4,5,3,4,1,6,5,4,5,3,3,6,3,5,4,6,5,4,4,5,1,6,4,3,3,4,2,4,6,5,3,2,3,2,1,3,4,3,2,3,1,203
61,291,1,25,4,1,6,7,4,2,6,7,6,7,5,6,7,1,6,7,6,5,6,5,7,1,7,6,7,7,5,6,6,6,6,7,7,5,7,6,5,1,6,3,4,5,6,5,6,6,4,3,2,4,1,1,5,4,6,3,2,1,278
62,289,1,29,4,2,6,6,5,1,7,3,3,4,3,3,3,1,6,5,6,5,5,3,6,1,6,5,4,3,3,3,6,6,5,4,4,5,5,4,3,1,7,4,3,4,3,4,4,6,4,2,2,2,2,1,5,5,5,5,4,1,222
63,345,2,24,4,1,7,3,3,5,7,5,7,5,6,7,6,1,6,3,3,2,5,6,5,1,7,5,6,5,6,6,6,7,6,5,6,7,6,6,5,1,7,3,2,3,5,3,2,7,5,6,5,6,5,1,3,2,3,2,2,1,256
64,304,2,26,4,2,5,6,5,2,6,2,2,1,3,3,3,1,6,4,5,5,4,3,2,1,5,4,5,6,5,4,6,5,5,6,6,7,5,6,4,1,6,4,3,4,3,4,5,6,4,3,2,3,2,1,5,6,7,5,5,1,228
66,313,1,34,4,2,5,6,5,2,6,6,7,6,5,6,6,1,6,6,7,6,2,4,4,1,6,5,6,5,4,4,6,6,4,5,6,5,6,3,4,1,6,4,2,5,3,2,5,6,5,3,2,3,4,1,4,3,3,5,2,1,242
69,286,2,33,4,2,5,7,7,1,6,6,7,7,4,6,6,1,6,7,7,6,5,3,2,1,7,6,7,7,6,7,6,7,6,5,6,7,6,7,6,1,6,5,4,5,5,4,4,6,4,3,2,2,3,1,5,6,7,6,5,1,281
70,377,2,28,4,2,5,6,5,3,6,2,3,2,6,5,5,1,5,7,7,6,2,3,3,1,7,5,6,5,7,6,6,7,5,7,5,6,7,5,5,1,7,3,2,3,5,3,2,7,5,6,5,6,5,1,2,3,2,3,1,1,245
74,276,1,29,4,2,5,5,6,2,6,3,3,2,5,6,5,1,6,5,5,6,5,5,6,1,5,6,5,5,6,7,6,5,6,5,6,6,5,5,6,1,6,5,5,6,6,4,6,5,4,3,5,3,3,1,5,6,6,5,4,1,262
75,252,2,30,4,2,4,5,4,2,6,5,4,7,7,5,6,1,6,5,7,4,7,3,6,1,7,3,7,6,4,4,6,7,5,3,6,4,6,3,6,1,7,4,1,4,2,3,4,7,5,3,6,4,5,1,6,3,6,4,6,1,255
77,276,1,37,4,2,5,6,4,2,5,2,4,2,3,5,5,1,1,3,5,5,4,2,3,1,2,1,2,1,2,1,6,1,3,2,3,4,5,2,1,1,4,2,3,2,3,2,4,1,2,1,1,2,2,1,4,4,5,6,5,1,160
78,399,2,26,5,2,2,6,6,2,3,2,3,3,4,4,5,1,3,4,5,4,5,5,4,1,3,5,4,5,3,4,6,3,5,6,5,4,5,5,4,1,3,6,5,6,7,6,6,3,5,4,6,4,3,1,6,6,5,6,6,1,235
79,340,1,28,4,2,2,5,6,3,4,3,2,1,3,2,4,1,3,5,6,7,5,4,7,1,2,5,6,7,4,3,6,3,5,7,6,7,5,4,6,1,2,4,5,6,5,4,5,2,3,1,2,4,3,1,4,3,5,2,3,1,216
81,414,2,29,4,2,4,5,5,2,7,2,1,4,2,5,6,1,7,5,7,3,1,3,6,1,7,1,3,5,7,2,6,7,2,6,7,4,6,1,6,1,7,2,4,6,5,1,6,7,3,1,2,4,1,1,7,5,6,3,3,1,223
82,358,1,20,4,1,4,5,5,3,5,4,4,5,3,4,5,1,5,5,4,4,3,3,4,1,6,3,5,5,4,4,6,5,4,5,5,5,5,4,5,1,5,3,2,4,3,2,5,5,5,3,2,4,3,1,3,3,2,2,1,1,208
83,303,2,33,3,2,7,4,5,4,7,5,6,5,3,4,5,1,6,6,7,6,5,6,5,1,6,3,4,5,4,4,6,7,5,3,5,6,5,5,4,1,7,4,3,4,5,3,5,7,5,4,2,4,1,1,5,4,3,2,1,1,242
84,302,1,23,4,1,4,5,5,3,4,5,5,4,4,4,5,1,4,5,5,6,3,3,4,1,4,5,6,5,6,5,6,4,5,5,6,5,6,5,5,1,4,3,4,4,3,3,4,4,5,3,3,4,4,1,4,3,4,4,5,1,229
87,312,1,29,4,2,7,6,4,2,7,2,3,2,2,3,3,1,7,4,4,4,5,2,4,1,7,4,4,5,4,3,6,7,6,4,5,5,4,5,5,1,7,4,4,4,4,4,4,6,3,2,2,2,2,1,6,6,6,6,6,1,228
88,323,1,51,4,2,5,7,5,2,5,6,7,4,2,3,5,1,6,6,5,4,3,3,4,1,6,6,7,5,6,4,6,7,6,5,4,5,6,5,4,1,5,4,3,4,5,2,3,6,7,4,3,5,4,1,5,4,3,5,3,1,244
89,335,2,31,4,2,2,6,6,1,4,3,2,3,4,5,6,1,4,6,7,6,2,2,1,1,5,2,3,2,5,2,6,5,2,3,6,5,6,2,3,1,5,5,6,5,4,3,5,5,2,3,2,1,2,1,6,5,6,6,3,1,206
91,444,2,48,4,2,7,4,6,3,7,2,1,2,6,6,7,1,7,5,6,6,2,2,3,1,7,3,5,6,3,4,6,7,5,6,7,7,6,5,6,1,7,4,4,4,4,4,5,7,4,2,3,4,2,1,6,5,5,6,6,1,252
92,442,1,32,4,2,6,5,6,2,6,4,3,2,5,6,5,1,7,5,6,5,2,3,2,1,6,3,5,6,5,6,6,7,5,6,5,7,5,6,5,1,6,5,3,5,6,5,5,6,3,2,3,1,2,1,6,6,7,6,5,1,250
93,450,1,29,4,1,6,5,5,1,6,4,4,3,3,4,5,1,6,5,6,5,4,2,1,1,6,3,3,3,2,2,6,6,2,2,3,4,5,2,2,1,6,4,4,5,5,4,5,6,4,2,1,5,4,1,5,4,5,6,3,1,209
94,491,2,32,4,2,7,6,6,3,6,4,5,6,5,5,5,1,6,7,6,5,6,7,6,1,6,7,5,6,5,6,6,6,6,5,6,6,7,6,5,1,6,6,6,5,6,6,6,6,2,2,1,2,2,1,6,5,6,6,6,1,279
95,661,1,40,4,2,4,5,5,2,4,4,5,4,5,4,5,1,4,5,5,6,3,4,6,1,4,5,4,5,3,3,6,4,5,4,5,4,5,3,5,1,4,5,6,5,5,6,6,5,3,3,2,2,1,1,6,6,6,7,6,1,234
97,471,1,36,4,2,6,6,5,2,6,5,1,2,5,6,5,1,6,5,6,5,2,2,3,1,6,5,6,7,5,6,6,6,7,6,5,6,5,6,7,1,6,2,1,3,3,3,5,6,2,3,1,2,1,1,5,5,6,5,5,1,236
98,595,2,36,4,2,7,6,5,2,7,3,5,5,6,7,6,1,5,6,7,6,4,6,5,1,6,5,6,5,6,5,6,5,6,5,6,5,6,5,7,1,6,5,6,5,6,4,5,6,5,2,4,5,3,1,6,5,6,7,5,1,278
99,700,2,35,4,2,6,6,7,3,6,5,6,7,5,5,5,1,6,5,6,5,6,5,6,1,5,6,7,5,6,7,6,5,6,5,5,6,5,6,5,1,6,7,5,6,5,5,4,5,6,5,6,7,3,1,6,4,5,5,6,1,286
100,676,2,29,4,2,6,7,4,3,5,4,5,4,1,4,5,1,2,5,7,3,5,6,5,1,5,2,6,2,3,1,6,4,3,2,6,7,2,3,1,1,7,4,3,4,2,3,5,5,3,2,1,3,1,1,4,3,6,4,1,1,200
102,652,2,31,4,2,5,5,5,1,5,6,7,7,3,3,4,1,2,5,6,7,7,6,5,1,5,1,6,7,5,6,6,6,7,5,6,5,7,3,3,1,6,1,5,5,2,1,6,6,5,1,1,2,2,1,6,6,7,7,6,1,247
103,934,2,25,4,1,5,5,6,2,5,4,2,3,4,3,5,1,6,6,5,5,4,4,3,1,5,3,6,4,3,3,6,6,2,3,5,4,5,3,3,1,6,2,3,4,3,3,6,5,1,1,1,2,1,1,6,6,7,5,5,1,210
111,258,2,31,4,2,1,7,6,1,2,1,2,2,3,1,3,1,1,6,6,7,3,3,2,1,1,2,3,2,1,2,6,1,2,3,2,2,3,1,2,1,1,3,2,3,4,4,5,1,3,2,1,2,2,1,6,5,6,6,5,1,156
115,299,1,41,4,2,6,6,6,3,6,5,5,5,3,4,5,1,6,6,6,6,5,5,5,1,6,5,6,5,5,5,6,6,6,6,6,6,6,5,6,1,6,3,2,3,5,2,3,6,4,3,3,4,4,1,2,3,2,3,1,1,242
116,272,2,28,5,2,7,7,7,3,7,2,4,5,3,1,1,1,7,4,5,4,6,7,6,1,7,3,2,5,4,2,6,7,4,5,3,6,3,6,4,1,7,1,1,2,3,1,5,7,7,4,2,2,4,1,7,5,7,7,7,1,237
117,269,1,28,5,1,4,6,4,4,5,6,6,4,6,7,5,1,3,5,6,6,3,2,2,1,4,6,7,7,6,4,6,5,6,5,4,3,4,3,4,1,6,2,5,6,7,3,5,6,2,2,3,2,2,1,5,5,6,3,4,1,237
118,264,2,31,4,2,3,5,4,2,6,3,2,2,1,3,3,1,4,5,6,5,2,1,1,1,5,4,5,5,6,4,6,5,4,4,5,5,6,4,4,1,5,3,2,3,4,1,4,5,3,1,1,2,3,1,5,4,5,5,5,1,196
119,307,1,30,4,2,6,6,5,3,7,5,5,5,6,6,6,1,5,5,5,4,5,5,5,1,6,5,6,6,5,5,6,6,5,5,6,6,6,5,5,1,6,5,5,5,5,4,5,6,5,4,3,3,3,1,5,5,6,5,5,1,267
121,326,1,21,4,1,5,6,5,2,6,4,3,2,6,5,7,1,6,7,5,6,4,4,3,1,6,5,4,7,5,5,6,6,5,7,6,6,5,7,5,1,6,4,3,6,5,3,5,6,5,2,1,3,2,1,6,5,7,6,3,1,254
123,441,2,28,4,2,6,5,6,3,7,6,7,7,5,6,5,1,6,7,5,4,5,6,5,1,6,7,5,5,4,4,6,7,5,5,4,5,5,6,5,1,6,2,1,2,5,3,3,6,7,5,4,7,5,1,2,4,3,3,2,1,255
125,276,2,29,4,2,5,6,5,3,6,6,5,5,3,5,4,1,3,5,4,4,5,5,5,1,5,5,4,6,5,5,6,5,5,4,5,6,6,5,5,1,6,4,3,4,5,4,4,5,6,4,4,5,4,1,4,5,5,2,2,1,242
128,262,2,22,3,1,5,5,5,4,5,4,4,4,4,5,5,1,6,6,5,6,7,5,6,1,5,6,5,6,6,5,6,5,5,5,6,6,5,5,6,1,5,6,6,5,6,5,5,5,6,6,5,6,3,1,5,6,6,5,6,1,275
129,411,2,32,4,1,6,7,5,4,6,7,6,5,6,7,6,1,6,5,6,6,5,6,7,1,5,6,7,5,7,5,6,5,6,7,5,6,5,6,6,1,5,6,5,5,6,5,5,6,5,6,7,5,1,1,5,6,6,5,6,1,293
130,310,2,36,5,2,6,6,5,4,6,4,3,2,3,1,3,1,5,6,7,6,5,6,4,1,7,4,3,4,3,4,6,6,5,6,3,2,4,3,4,1,5,4,3,4,5,3,4,6,6,3,2,3,4,1,5,6,5,6,3,1,228
131,255,1,26,5,2,5,7,5,3,5,4,3,3,4,5,6,1,5,7,6,6,2,3,3,1,5,3,5,6,5,6,6,5,5,6,5,6,7,5,5,1,5,3,3,4,4,4,6,5,3,2,2,1,3,1,5,6,7,5,5,1,240
132,263,1,45,2,2,6,4,5,3,6,3,5,4,6,7,3,1,2,5,3,4,5,3,6,1,6,7,4,5,6,5,6,5,7,6,5,4,6,5,6,1,7,6,7,6,5,2,6,7,5,4,2,3,2,1,4,5,5,6,5,1,255
133,507,1,32,4,2,6,6,6,2,7,5,5,5,5,5,4,1,6,6,7,6,6,6,6,1,7,2,4,6,4,2,6,6,3,5,6,6,7,3,2,1,7,2,3,4,6,2,2,7,7,5,3,6,5,1,2,2,2,5,1,1,244
134,312,1,27,4,2,3,5,4,4,5,4,5,5,6,6,6,1,5,5,6,5,3,2,3,1,4,3,4,5,6,3,6,5,4,3,5,6,6,3,4,1,5,4,4,4,5,3,5,6,5,3,4,4,3,1,5,6,5,3,2,1,230
135,334,2,32,4,2,5,5,4,1,5,4,3,3,4,4,4,1,5,5,5,5,4,3,3,1,5,4,5,5,3,3,6,5,3,3,5,5,5,3,3,1,5,3,3,4,4,3,4,5,4,2,2,4,3,1,4,4,4,4,2,1,204
138,323,2,37,4,2,5,3,3,6,5,6,6,5,4,6,6,1,4,3,4,3,5,6,4,1,5,2,5,5,2,3,6,5,2,5,5,5,4,3,3,1,6,2,2,2,3,4,3,5,5,4,5,5,5,1,3,3,2,3,1,1,212
139,363,1,19,4,1,7,7,7,1,7,1,1,1,4,5,4,1,7,6,6,5,7,6,6,1,6,4,5,4,4,4,6,6,6,5,6,6,6,4,5,1,6,4,4,4,5,4,5,6,5,2,2,1,2,1,5,6,6,6,7,1,250
140,281,1,25,4,2,7,5,6,2,7,6,7,5,6,5,7,1,6,5,7,6,4,5,4,1,4,6,5,7,6,7,6,7,6,7,5,6,5,7,6,1,6,7,5,6,7,5,6,6,4,3,5,4,2,1,5,6,5,7,6,1,290
142,346,1,36,4,2,6,7,4,2,7,6,6,6,5,6,6,1,2,7,6,6,1,2,2,1,7,4,5,6,4,3,6,3,5,6,6,7,6,4,5,1,7,5,6,6,4,3,5,7,2,1,1,1,1,1,5,6,7,6,5,1,247
143,416,2,28,4,1,7,6,4,1,7,3,3,4,3,5,5,1,5,5,6,6,1,3,2,1,5,4,6,5,5,2,6,5,4,4,5,5,6,1,3,1,5,2,2,4,5,2,4,5,5,3,1,5,4,1,4,5,5,3,2,1,213
144,301,1,35,5,2,4,6,6,1,6,3,3,2,4,5,5,1,4,6,5,7,4,3,5,1,7,5,4,6,7,2,6,6,2,3,5,6,7,3,6,1,4,2,1,4,5,3,4,5,5,2,1,4,2,1,5,5,6,7,4,1,228
145,293,2,38,4,2,5,5,4,4,5,4,4,5,3,4,5,1,4,5,6,5,4,5,6,1,6,4,5,5,4,4,6,4,5,5,6,5,6,4,4,1,6,4,3,4,4,4,5,6,5,3,2,4,2,1,5,4,5,5,4,1,236
152,527,1,38,4,2,5,6,5,2,5,3,3,2,5,6,5,1,5,6,5,7,4,2,3,1,6,3,5,4,6,5,6,5,6,4,6,5,6,5,4,1,6,5,3,6,4,5,6,6,4,2,3,4,3,1,5,4,6,5,6,1,243
153,360,2,32,3,2,6,4,5,3,6,4,4,5,4,5,3,1,5,5,3,3,6,4,4,1,4,5,4,4,5,3,6,5,4,3,5,4,4,5,3,1,5,3,4,4,5,5,5,6,4,3,5,4,2,1,5,3,5,5,5,1,226
154,357,2,38,4,2,6,5,6,2,6,4,4,4,5,5,6,1,5,7,6,5,5,4,4,1,6,5,5,4,4,4,6,5,4,4,6,6,5,4,3,1,5,5,4,4,4,2,4,6,4,4,3,7,3,1,5,4,6,5,2,1,242
155,535,2,48,4,2,5,5,5,3,6,3,3,3,7,6,6,1,5,7,7,7,1,1,2,1,6,4,5,7,4,4,6,5,4,2,5,5,6,2,5,1,6,1,1,4,4,1,4,6,5,1,1,4,2,1,6,4,7,6,6,1,226
156,253,1,44,4,2,6,5,5,2,5,3,3,2,3,3,4,1,5,6,5,5,3,3,3,1,5,5,6,5,4,5,6,5,6,5,4,6,5,4,6,1,6,4,4,5,4,4,4,5,4,3,3,3,2,1,4,4,4,3,3,1,222
158,253,1,33,3,2,6,5,6,2,6,2,1,2,6,5,7,1,7,5,6,7,5,2,3,1,6,3,2,3,2,3,6,6,3,2,3,2,3,2,3,1,6,2,3,5,3,6,5,6,3,2,3,2,3,1,6,7,5,7,6,1,217
162,544,2,28,4,2,2,6,6,2,4,5,5,4,5,6,4,1,4,5,6,5,6,6,5,1,4,5,5,6,5,6,6,4,5,6,5,5,6,6,5,1,4,4,4,3,5,4,3,4,5,5,6,5,5,1,3,2,3,2,2,1,239
163,368,2,24,4,1,4,7,7,1,3,1,2,2,1,1,1,1,4,3,2,1,4,4,5,1,2,1,2,6,5,1,6,4,2,1,1,5,1,6,6,1,6,5,2,5,7,6,4,5,6,3,1,5,2,1,3,2,2,6,2,1,179
164,353,2,35,4,2,5,6,6,1,6,6,5,4,7,3,7,1,7,6,7,6,4,3,3,1,7,4,3,2,1,1,6,7,4,5,6,4,5,3,5,1,7,3,2,4,4,4,5,7,4,1,1,4,4,1,5,5,5,7,1,1,233
165,261,2,25,4,1,4,6,5,4,6,3,2,3,2,3,2,1,4,4,5,6,3,4,5,1,4,4,3,5,5,5,6,4,5,4,5,4,5,4,6,1,6,3,2,1,2,1,3,5,5,4,3,4,5,1,3,3,2,3,3,1,203
167,769,2,26,4,2,1,7,6,2,1,1,1,1,7,7,7,1,1,7,7,7,1,1,1,1,1,7,7,7,1,7,6,1,7,7,7,6,7,6,7,1,1,1,1,1,7,1,1,1,7,7,1,7,7,1,1,2,2,1,1,1,205
171,281,2,32,4,2,5,6,5,3,6,3,3,2,2,3,1,1,6,6,5,5,7,5,6,1,5,4,3,3,4,2,6,5,6,5,5,6,5,4,5,1,6,5,3,4,5,3,5,6,2,3,2,1,2,1,5,6,5,6,4,1,225
172,296,1,36,4,2,5,5,4,3,5,4,5,4,6,6,5,1,5,6,6,5,3,3,4,1,5,4,5,5,4,3,6,4,4,5,5,3,5,4,3,1,6,4,3,4,5,3,4,5,4,3,3,4,3,1,5,4,5,4,3,1,226
173,451,1,38,4,2,6,6,5,2,7,5,2,4,3,6,7,1,4,6,7,5,5,2,5,1,7,6,4,4,6,6,6,7,5,6,7,4,4,6,5,1,7,4,3,4,2,3,5,7,3,2,1,2,1,1,6,4,5,6,2,1,242
175,336,2,30,4,2,5,7,4,3,5,4,2,2,4,1,4,1,2,7,6,3,1,1,2,1,5,3,2,7,4,2,6,7,4,5,7,6,3,2,1,1,7,4,3,3,2,1,5,4,2,5,1,2,3,1,4,5,7,7,5,1,202
177,341,2,31,4,2,3,5,5,3,3,5,5,5,3,3,3,1,3,3,3,2,5,5,5,1,3,5,5,6,5,5,6,3,5,6,5,6,5,5,5,1,3,2,2,3,3,2,2,3,6,5,5,6,5,1,3,3,2,3,3,1,210
178,290,1,33,4,2,6,6,5,2,7,7,5,6,7,5,5,1,7,3,2,1,7,5,5,1,7,5,6,7,7,5,6,7,7,5,4,4,6,7,6,1,7,5,6,5,7,5,7,7,3,1,1,3,1,1,5,7,7,7,5,1,274
181,715,2,33,3,2,7,5,5,1,7,7,3,4,6,6,6,1,7,6,7,7,4,3,7,1,7,1,6,6,1,1,6,7,2,5,7,7,5,2,3,1,7,5,1,3,4,2,6,7,2,1,1,2,1,1,6,5,6,5,3,1,236
182,682,2,33,4,2,7,5,5,2,7,4,4,5,6,6,7,1,5,4,4,6,5,4,3,1,7,3,5,6,6,4,6,6,5,6,7,7,6,5,4,1,7,4,3,4,5,3,4,7,6,3,3,5,3,1,4,3,4,3,2,1,250
183,310,2,28,4,2,6,6,5,2,6,6,5,5,4,5,6,1,6,5,5,6,5,3,4,1,6,6,7,6,6,6,6,6,5,6,6,5,6,7,6,1,6,4,5,5,6,5,5,6,4,3,3,2,2,1,6,5,5,6,5,1,268
185,336,2,36,2,2,5,4,4,3,6,6,7,6,5,6,5,1,5,5,6,5,6,4,4,1,6,3,5,6,5,3,6,5,4,6,6,5,6,4,5,1,6,3,1,2,3,1,2,5,5,4,2,6,4,1,4,3,4,5,3,1,235
186,290,1,37,4,2,7,6,7,3,7,5,6,5,5,6,5,1,7,6,6,7,2,2,6,1,7,6,7,6,6,7,6,7,6,6,7,5,6,7,5,1,7,5,6,5,6,6,5,7,6,5,6,5,1,1,6,6,5,6,6,1,296
188,846,1,34,5,2,7,7,7,2,7,5,4,3,4,3,2,1,6,6,5,7,6,2,3,1,7,5,6,7,6,7,6,7,6,5,6,7,6,7,5,1,7,7,6,7,6,4,7,7,2,1,2,1,1,1,7,6,7,6,7,1,275
189,358,2,21,4,1,4,6,5,3,5,5,6,5,4,6,3,1,5,5,6,5,3,4,6,1,4,2,2,7,5,4,6,7,5,3,2,7,7,4,5,1,7,5,1,4,3,4,5,6,3,3,3,1,1,1,4,5,5,2,1,1,224
191,255,2,28,4,2,7,7,7,1,7,6,6,6,5,4,5,1,6,6,6,6,6,5,6,1,7,7,7,7,6,6,6,7,7,6,6,6,6,7,6,1,7,4,4,5,5,5,6,7,5,3,2,2,2,1,6,7,7,7,7,1,295
198,275,2,33,4,2,2,6,7,2,1,4,4,3,6,7,6,1,1,7,6,5,4,3,2,1,4,6,7,5,6,5,6,2,6,7,5,7,5,4,6,1,3,5,7,6,5,4,5,1,3,2,1,2,1,1,6,5,4,2,1,1,225
204,379,2,33,4,2,7,7,5,2,7,2,1,2,4,1,4,1,1,6,6,7,1,2,2,1,7,1,7,6,4,1,6,6,3,4,6,5,6,2,1,1,7,1,1,2,1,1,4,7,5,1,1,1,1,1,5,4,5,4,3,1,191
205,322,1,34,4,2,6,5,4,2,6,2,3,4,6,5,6,1,7,6,5,7,3,5,4,1,7,5,6,7,4,3,6,5,6,4,5,7,6,3,2,1,6,2,1,4,6,2,3,7,5,3,2,6,4,1,3,4,5,3,1,1,234
206,318,2,36,4,2,3,7,5,3,5,3,4,2,3,1,4,1,3,5,4,6,2,4,6,1,3,6,7,5,7,2,6,6,6,4,2,3,7,1,2,1,2,1,2,2,7,1,4,2,4,1,1,2,5,1,6,5,7,4,2,1,200
207,579,1,38,4,2,6,7,6,2,7,2,2,2,6,5,6,1,5,5,6,5,6,2,6,1,6,2,3,4,5,2,6,5,3,6,6,7,5,4,3,1,7,2,2,2,6,4,4,6,5,2,1,2,1,1,3,4,4,2,1,1,216
209,282,2,29,4,2,6,6,6,2,5,2,3,3,7,6,7,1,3,6,7,6,2,3,3,1,6,2,2,5,5,2,6,5,3,4,6,5,6,6,6,1,6,3,3,6,6,6,7,6,5,1,2,4,2,1,6,6,6,6,5,1,243
211,606,1,35,4,2,3,6,6,3,4,5,4,7,7,7,5,1,4,5,7,5,4,5,5,1,3,2,5,6,7,6,6,4,6,7,5,6,3,4,3,1,3,2,3,4,5,1,3,4,7,3,4,7,5,1,3,1,2,7,1,1,235
212,354,2,33,4,2,6,5,4,4,6,4,6,7,5,7,6,1,6,7,5,5,3,2,3,1,7,2,6,7,5,1,6,4,3,5,6,7,7,3,1,1,7,2,2,3,5,2,6,7,6,2,1,6,1,1,6,6,7,7,2,1,244
214,265,2,28,4,2,5,6,4,3,6,2,1,1,4,3,5,1,4,4,5,5,3,2,5,1,3,2,4,5,5,6,6,6,5,4,6,6,5,6,3,1,7,5,4,5,6,4,4,7,5,2,3,5,1,1,4,3,5,6,6,1,227
215,319,2,28,4,2,6,6,6,2,6,6,7,7,4,4,5,1,6,7,6,6,7,5,5,1,6,7,6,7,5,6,6,6,7,6,6,6,7,6,7,1,6,5,5,5,5,4,5,6,7,6,4,4,4,1,6,7,6,7,4,1,296
216,417,1,34,5,2,7,7,6,2,7,2,3,4,3,4,3,1,7,6,5,5,2,1,3,1,7,6,5,7,5,6,6,7,6,5,4,6,5,7,6,1,7,7,6,7,5,6,7,7,2,1,2,3,1,1,7,6,7,6,7,1,264
219,610,1,23,4,1,5,6,4,2,5,6,1,2,6,7,3,1,2,3,6,5,4,2,6,1,5,7,6,4,1,2,6,5,3,4,1,6,4,7,2,1,5,2,3,4,1,3,2,7,3,1,2,5,4,1,6,4,5,7,2,1,209
223,607,1,39,5,2,7,4,5,3,7,4,4,4,3,4,4,1,7,5,4,4,5,5,5,1,7,5,5,4,5,5,6,5,5,4,5,5,5,4,5,1,3,4,4,3,4,4,3,7,4,4,5,4,4,1,4,5,4,3,3,1,236
225,505,2,40,4,2,3,6,5,2,5,4,3,3,4,4,5,1,4,6,6,5,4,5,4,1,4,4,5,6,4,3,6,4,5,4,4,4,5,5,4,1,4,4,3,5,5,4,5,5,4,3,2,4,4,1,4,4,3,4,1,1,218
227,545,2,32,4,2,6,5,5,3,7,4,5,5,4,6,4,1,4,6,5,5,3,5,4,1,5,4,6,5,5,2,6,5,3,5,5,6,4,5,5,1,7,2,2,4,4,1,4,7,5,1,3,3,4,1,3,3,4,1,1,1,221
229,885,1,33,4,2,7,6,7,4,7,5,6,5,6,5,6,1,6,7,7,6,5,5,6,1,6,7,5,6,5,6,6,6,7,6,7,6,6,7,6,1,7,6,7,6,5,6,5,7,4,3,2,2,1,1,6,7,6,5,5,1,293
231,726,1,35,4,2,2,6,6,2,1,2,1,2,4,4,6,1,2,5,7,5,3,2,2,1,2,4,6,4,6,4,6,2,5,4,6,4,6,4,6,1,2,5,5,4,6,5,5,2,3,1,2,1,1,1,5,7,6,4,6,1,206
245,277,2,30,4,2,6,7,6,2,7,5,4,5,3,6,5,1,5,6,7,6,5,3,5,1,6,5,6,7,6,7,6,7,6,7,6,7,5,6,7,1,7,3,2,5,6,4,4,7,5,3,2,3,2,1,5,5,6,7,6,1,274
246,299,2,29,4,2,4,6,5,2,4,6,5,5,6,7,6,1,4,7,5,4,5,5,3,1,5,3,6,5,2,2,6,4,3,3,6,5,5,3,6,1,5,7,4,4,5,4,5,5,4,2,1,4,2,1,4,5,5,4,3,1,231
247,305,1,33,4,2,7,7,4,3,7,3,3,1,6,5,7,1,3,5,6,5,4,1,4,1,6,3,5,6,6,3,6,5,5,5,6,4,6,6,5,1,7,5,5,6,5,3,4,6,4,2,2,1,2,1,6,6,5,5,5,1,242
249,268,2,32,4,2,5,7,5,1,5,4,6,5,4,4,3,1,4,6,7,5,6,7,5,1,7,4,6,7,6,4,6,6,6,3,2,5,6,4,5,1,6,2,1,2,5,2,1,7,6,4,1,3,5,1,2,1,2,1,1,1,223
251,304,2,31,4,2,5,6,5,2,6,3,2,3,6,5,5,1,6,5,6,6,3,3,2,1,6,4,5,5,3,3,6,6,5,5,6,5,5,6,5,1,6,5,5,5,4,5,6,6,3,3,2,3,1,1,6,5,6,6,5,1,241
252,329,2,25,5,1,5,5,5,4,5,5,4,3,5,6,5,1,5,6,6,5,5,6,6,1,6,5,4,5,5,4,6,6,5,5,4,5,5,6,3,1,6,4,3,4,6,5,4,6,5,5,5,5,5,1,2,3,3,4,1,1,246
253,271,2,23,4,2,6,6,7,2,6,5,6,4,5,7,5,1,7,5,6,6,2,5,7,1,7,4,6,5,4,6,6,7,4,5,6,4,6,4,7,1,7,5,5,4,5,4,5,7,1,2,3,2,1,1,6,5,7,5,4,1,261
254,313,1,21,4,1,6,6,5,3,7,3,2,2,5,6,5,1,6,7,5,6,4,3,3,1,7,5,5,4,4,3,6,7,5,6,5,5,4,6,5,1,6,4,4,5,4,2,5,7,5,2,2,3,2,1,5,5,7,6,3,1,243
255,318,2,28,4,2,6,5,5,4,6,3,3,3,6,6,7,1,6,6,7,6,3,3,3,1,6,5,5,6,5,5,6,6,6,5,6,7,7,5,6,1,6,4,4,4,4,4,4,6,3,3,3,3,2,1,5,4,5,5,5,1,253
257,391,1,42,2,2,5,6,6,1,6,5,5,6,3,5,4,1,5,5,6,6,3,2,3,1,5,5,6,7,6,5,6,5,5,6,7,7,7,5,6,1,5,5,5,6,5,5,5,5,3,2,1,3,2,1,5,6,5,7,7,1,257
258,325,2,26,4,2,7,6,6,2,7,6,6,5,6,7,6,1,7,6,7,6,6,6,6,1,7,7,6,6,7,7,6,7,7,6,6,6,7,7,7,1,7,6,5,5,5,3,5,7,6,6,4,4,4,1,7,6,6,5,4,1,307
259,262,2,26,4,2,6,5,4,3,6,5,6,6,7,7,7,1,6,5,5,6,3,4,4,1,4,3,2,3,3,2,6,5,3,2,3,3,4,3,3,1,7,2,4,5,5,4,6,7,5,3,4,3,3,1,5,5,6,7,5,1,235
266,276,1,30,2,1,4,7,4,1,4,7,7,5,4,7,5,1,5,7,4,3,4,5,4,1,4,5,4,5,4,1,6,4,5,4,3,5,4,4,5,1,4,3,3,4,6,3,4,4,4,3,5,6,6,1,3,3,2,1,1,1,220
268,419,1,32,3,2,6,4,4,3,6,3,3,4,3,4,5,1,6,3,3,4,6,6,5,1,6,5,6,5,4,5,6,5,6,5,4,5,6,6,5,1,7,6,5,4,5,6,5,6,6,4,5,6,3,1,6,5,5,6,5,1,257
271,272,2,33,4,2,5,7,5,1,6,2,3,5,6,4,6,1,6,7,6,5,2,2,3,1,6,5,5,6,6,3,6,6,4,6,5,3,4,3,2,1,6,3,3,5,5,4,5,6,4,3,2,2,1,1,5,5,5,5,1,1,226
274,310,1,19,2,1,7,6,6,2,7,6,6,6,5,5,4,1,5,4,5,4,6,6,5,1,7,2,6,7,5,5,6,7,6,5,4,5,7,6,6,1,7,3,2,3,7,4,2,7,5,4,4,4,5,1,2,2,3,1,1,1,250
277,330,1,31,4,1,7,7,7,1,7,4,4,4,7,7,7,1,7,7,7,7,1,1,4,1,7,4,4,4,4,4,6,7,5,4,5,6,7,4,4,1,7,1,1,4,4,1,7,7,1,1,1,1,1,1,7,5,6,6,3,1,240
279,270,1,35,4,1,4,6,4,2,4,5,5,5,4,4,5,1,4,3,4,3,5,5,6,1,4,2,3,5,2,2,6,4,2,2,4,4,3,3,4,1,4,1,1,2,6,1,3,4,7,5,3,6,7,1,2,1,4,5,1,1,196
280,451,2,35,4,2,7,5,7,3,7,6,5,5,6,5,7,1,6,7,6,5,7,6,6,1,6,7,6,6,7,6,6,7,6,6,5,7,5,5,6,1,7,4,5,4,2,4,5,5,6,5,3,5,1,1,3,2,5,4,2,1,274
281,304,2,30,4,2,6,4,5,4,7,5,4,5,3,5,4,1,4,5,4,5,3,5,4,1,6,4,6,4,5,6,6,7,5,3,6,4,5,3,5,1,7,5,4,4,6,4,4,7,6,5,4,6,6,1,6,4,5,5,5,1,255
284,256,2,33,4,2,5,6,6,3,5,6,5,5,5,4,5,1,5,6,5,6,5,6,5,1,5,5,6,5,5,6,6,6,5,6,6,5,5,6,6,1,6,5,6,6,5,6,6,6,5,6,5,5,2,1,5,6,5,5,6,1,277
286,400,2,32,4,2,5,6,5,3,5,5,4,6,7,7,6,1,4,5,6,6,3,2,4,1,4,3,5,6,4,4,6,4,5,5,6,6,5,4,6,1,5,4,4,5,4,3,5,5,4,3,2,3,3,1,5,5,6,5,3,1,241
287,515,2,31,5,2,5,6,7,2,5,2,3,2,4,3,4,1,5,6,5,6,3,2,2,1,6,4,5,6,5,3,6,5,4,5,5,6,6,4,3,1,6,3,3,2,5,3,3,5,5,4,3,5,5,1,2,1,2,2,2,1,211
288,259,2,27,4,2,7,3,2,5,7,3,2,3,6,5,7,1,7,2,3,2,5,6,5,1,7,3,2,3,2,1,6,7,2,3,3,2,4,5,5,1,7,3,2,3,4,3,2,7,5,6,5,7,5,1,3,2,4,3,4,1,215
289,303,2,39,3,2,4,6,7,4,4,5,4,5,4,6,5,1,4,4,5,6,5,4,5,1,4,5,6,5,4,4,6,4,5,6,5,6,5,4,6,1,4,5,6,5,4,4,4,4,5,4,4,6,5,1,6,5,6,5,6,1,255
290,326,1,30,4,2,6,7,4,1,6,1,2,3,5,4,1,1,6,6,5,7,1,2,1,1,7,2,1,3,5,2,6,7,4,5,3,5,6,4,1,1,7,2,1,3,4,1,5,7,5,1,2,2,1,1,1,2,6,7,5,1,196
291,503,2,38,4,2,7,7,7,1,6,6,5,4,4,6,6,1,7,6,7,6,5,3,4,1,7,6,7,6,7,5,6,6,6,7,7,7,7,6,7,1,7,5,5,6,6,5,6,6,3,2,2,3,1,1,6,6,7,6,6,1,287
294,258,2,33,4,2,7,6,6,2,6,2,1,2,2,2,2,1,5,7,7,6,7,6,6,1,6,5,6,6,7,7,6,6,6,6,7,6,7,7,6,1,6,2,2,3,3,1,4,5,2,3,2,2,4,1,7,6,7,6,7,1,253
295,256,2,26,4,1,5,6,5,3,5,5,6,6,3,4,3,1,3,4,5,4,6,7,5,1,7,5,6,7,5,6,6,4,5,6,5,6,5,6,6,1,6,4,3,4,4,2,3,5,6,3,4,5,5,1,5,4,4,3,1,1,246
296,514,1,34,5,2,7,6,7,1,7,3,4,3,4,3,5,1,7,6,6,5,1,2,1,1,7,5,6,5,6,4,6,7,5,6,7,5,6,5,6,1,7,7,6,7,6,5,6,7,2,1,2,1,1,1,7,6,7,5,6,1,258
297,330,2,20,4,1,6,3,4,3,6,4,2,6,3,4,4,1,5,3,6,5,3,6,7,1,5,4,2,3,1,4,6,5,5,3,4,4,6,7,7,1,7,2,1,3,5,4,3,7,4,3,2,6,5,1,2,1,4,6,1,1,217
299,742,2,30,5,2,5,6,4,2,6,3,5,6,7,7,5,1,6,7,7,6,2,4,4,1,7,3,2,5,2,1,6,6,5,4,5,5,6,3,5,1,6,2,2,5,5,4,4,6,7,2,1,4,4,1,4,4,4,5,1,1,232
300,309,1,28,4,2,7,7,7,2,7,6,5,5,6,7,7,1,7,6,7,7,3,3,2,1,6,5,6,7,6,5,6,7,7,7,6,6,7,5,6,1,7,3,3,3,5,1,4,7,6,3,1,4,4,1,4,4,4,4,4,1,269
302,638,2,34,3,2,5,5,4,3,7,2,2,2,2,2,6,1,6,4,4,4,2,2,2,1,6,4,3,5,4,3,6,6,3,3,3,3,5,4,3,1,7,3,2,2,5,3,3,6,5,3,3,5,4,1,3,2,4,3,2,1,195
304,390,2,34,5,2,7,7,6,1,7,2,3,1,2,4,2,1,7,5,6,5,2,1,3,1,7,4,6,5,6,4,6,7,4,5,6,4,5,6,4,1,7,6,7,6,7,6,7,7,1,2,1,2,1,1,6,7,6,7,6,1,247
305,274,2,25,4,2,5,5,5,2,6,3,2,2,4,3,3,1,5,6,6,6,2,2,3,1,6,2,5,5,4,5,6,6,5,5,6,6,5,5,5,1,6,5,5,5,6,5,5,6,3,2,1,3,3,1,5,5,6,5,5,1,232
306,479,1,27,3,1,7,6,4,4,7,3,4,4,3,3,3,1,7,6,5,5,5,4,5,1,7,4,5,6,5,3,6,7,4,5,5,5,6,6,5,1,7,4,5,4,4,3,4,7,5,4,3,4,3,1,4,4,4,3,4,1,245
307,335,2,37,4,2,5,5,5,2,5,5,5,5,5,5,5,1,5,6,6,5,2,2,3,1,5,4,4,4,4,4,6,5,4,4,4,4,4,4,4,1,5,3,3,3,4,3,3,5,5,3,3,5,5,1,4,4,4,4,3,1,219
308,273,1,31,4,2,3,5,5,3,4,2,2,2,3,5,3,1,4,5,6,5,3,5,4,1,5,5,5,6,4,5,6,4,5,4,5,5,5,6,6,1,5,3,3,4,5,3,4,5,5,3,2,3,2,1,4,4,3,3,3,1,214
309,321,1,40,4,2,6,4,5,3,6,7,6,6,7,7,4,1,5,5,7,3,3,5,2,1,7,7,2,4,2,4,6,6,3,2,5,2,7,2,1,1,7,2,2,2,3,3,5,7,2,2,1,1,1,1,3,6,7,3,2,1,215
310,337,2,37,4,2,2,2,2,5,3,3,2,3,6,6,7,1,2,2,3,2,4,5,4,1,1,2,3,5,1,5,6,3,6,2,1,2,2,5,3,1,3,4,3,4,2,1,4,3,1,1,4,2,2,1,4,4,4,5,4,1,170
313,330,1,33,4,2,4,5,7,3,7,6,5,4,3,5,4,1,1,5,7,6,4,5,6,1,4,5,7,6,5,6,6,5,6,7,6,5,6,5,6,1,7,4,3,6,4,3,5,7,6,3,2,1,3,1,4,5,5,3,2,1,250
314,458,1,48,3,2,6,5,6,3,6,3,3,2,5,5,5,1,6,5,6,6,4,3,3,1,6,3,3,3,3,2,6,6,5,5,5,5,6,6,5,1,5,4,3,3,3,3,4,6,3,2,2,3,2,1,5,5,6,5,5,1,225
316,334,2,24,4,1,7,3,4,5,7,3,2,3,5,6,5,1,7,2,2,3,5,5,6,1,7,6,5,6,7,6,6,7,3,4,5,5,6,4,6,1,7,3,2,2,5,3,2,7,6,5,6,7,6,1,3,2,3,2,3,1,242
320,272,1,33,4,2,7,7,5,2,7,2,2,2,6,7,5,1,5,5,6,6,3,3,2,1,7,4,3,4,2,2,6,7,4,3,3,5,4,2,2,1,7,4,3,3,5,3,4,6,3,1,2,4,1,1,3,4,5,2,3,1,208
322,319,1,33,3,2,5,4,4,3,6,5,5,5,4,6,6,1,4,5,4,5,4,4,4,1,7,5,5,4,4,3,6,4,4,4,4,4,4,4,4,1,7,3,3,3,3,2,3,5,4,3,3,5,4,1,5,4,4,1,1,1,217
324,389,1,37,3,2,5,4,5,4,5,3,3,5,6,6,7,1,5,5,6,4,4,4,4,1,5,3,4,5,5,4,6,5,5,4,6,6,6,5,5,1,5,3,2,4,4,3,4,5,6,4,4,4,3,1,3,4,3,3,1,1,229
325,280,2,20,2,1,4,7,7,4,6,6,7,7,5,7,5,1,6,4,4,4,7,7,7,1,6,6,7,6,7,7,6,6,7,5,7,7,7,7,7,1,5,7,7,4,7,5,2,6,7,7,5,7,7,1,3,6,3,1,1,1,297
326,593,2,54,1,2,4,6,4,2,6,5,6,7,3,2,3,1,5,5,6,7,4,3,4,1,4,5,6,4,6,4,6,5,6,5,3,2,4,3,4,1,5,2,1,2,3,1,4,6,4,2,1,4,2,1,6,4,5,6,5,1,217
330,280,1,33,4,1,7,7,6,1,6,1,3,3,2,1,3,1,4,7,6,6,5,2,5,1,5,7,5,5,5,5,6,5,7,5,6,5,5,7,5,1,7,5,5,4,6,5,5,7,1,2,2,1,1,1,5,6,4,6,7,1,242
331,285,2,28,3,2,5,6,3,4,6,3,2,4,4,5,6,1,4,4,5,4,3,5,3,1,5,3,4,4,2,3,6,5,3,1,2,3,5,5,1,1,7,2,1,3,4,1,4,6,5,1,2,5,3,1,4,5,5,2,3,1,196
336,328,2,28,2,1,5,5,5,2,6,6,6,6,6,7,7,1,7,7,7,7,6,7,7,1,7,7,7,6,6,5,6,6,6,7,5,6,6,6,6,1,6,6,4,5,5,5,5,6,6,6,5,5,4,1,4,4,4,6,1,1,293
337,339,2,32,4,2,5,5,6,2,5,5,6,5,4,5,4,1,5,5,4,4,5,5,6,1,6,4,5,5,6,5,6,5,6,5,5,6,5,6,5,1,5,4,4,4,3,4,4,5,5,4,4,5,4,1,4,4,4,3,3,1,244
338,354,1,27,4,2,7,7,6,2,7,5,4,6,3,5,6,1,2,4,5,4,2,3,6,1,7,6,7,7,5,6,6,5,6,4,7,6,7,5,7,1,7,1,2,4,3,1,5,7,6,4,1,6,4,1,1,5,4,1,2,1,244
341,561,1,37,4,2,5,4,4,4,6,3,2,3,5,5,6,1,5,7,6,5,3,2,4,1,4,3,5,5,3,2,6,6,3,4,5,5,6,3,4,1,6,3,3,4,5,3,4,5,5,4,3,4,3,1,5,4,6,6,3,1,224
342,261,2,47,4,2,6,7,5,3,7,6,4,6,4,6,5,1,5,5,4,5,6,5,4,1,7,5,6,5,7,6,6,7,7,5,4,6,5,7,4,1,7,3,4,2,5,2,2,7,6,7,3,6,7,1,2,3,1,2,1,1,255
343,515,1,31,4,2,5,5,6,3,5,5,6,6,7,7,6,1,5,6,5,4,6,5,5,1,6,5,5,5,6,4,6,4,4,6,5,6,7,6,5,1,4,4,3,6,5,4,6,5,7,4,3,3,2,1,5,4,5,4,3,1,259
345,352,2,32,5,2,6,6,7,2,6,5,6,5,4,6,6,1,6,4,5,4,5,6,5,1,5,4,5,6,5,6,6,5,6,5,6,5,6,6,5,1,6,5,5,6,5,5,6,5,6,4,4,3,3,1,5,6,5,6,5,1,270
346,298,1,45,4,2,4,2,4,4,4,2,3,2,5,7,6,1,3,5,3,3,5,5,5,1,4,4,2,5,3,3,6,3,3,5,5,6,5,4,5,1,4,2,4,5,5,2,4,4,3,1,4,5,4,1,3,3,3,2,2,1,200
347,425,2,30,4,2,6,5,4,2,6,4,5,4,5,5,6,1,6,7,6,5,3,3,4,1,7,3,4,2,3,3,6,6,4,4,5,4,5,3,3,1,6,5,4,5,3,4,5,6,2,3,1,3,2,1,6,6,5,5,4,1,228
350,370,1,32,5,2,7,4,3,6,7,6,6,5,5,3,2,1,7,7,4,5,2,5,7,1,7,6,3,5,6,3,6,7,4,6,7,7,5,4,5,1,7,2,2,4,3,2,4,7,5,4,3,6,3,1,4,3,4,5,2,1,247
351,562,2,44,4,3,4,4,4,4,6,5,5,5,5,4,4,1,5,5,5,5,5,5,5,1,6,4,4,4,4,4,6,5,4,4,4,3,4,4,4,1,6,4,3,4,4,4,4,5,4,4,4,4,6,1,4,4,4,5,4,1,231
352,326,2,35,4,2,6,5,4,2,6,3,2,1,4,4,6,1,7,6,5,5,1,2,1,1,6,2,2,3,1,2,6,6,3,2,1,2,1,2,1,1,6,4,3,4,4,4,5,6,2,1,1,2,2,1,6,7,7,6,5,1,190
357,288,1,29,4,2,5,4,5,4,6,5,4,4,3,3,4,1,5,6,5,4,3,4,2,1,6,2,4,5,4,3,6,5,3,3,5,6,6,4,5,1,7,3,3,4,4,2,4,6,3,1,2,2,3,1,6,5,6,5,4,1,218
360,516,2,37,3,2,5,6,6,2,6,3,3,2,2,6,7,1,5,6,7,7,5,4,5,1,6,4,3,4,5,3,6,6,5,5,3,5,5,5,6,1,7,4,3,3,6,4,4,7,5,3,2,3,2,1,5,4,5,5,3,1,238
361,326,2,29,4,2,5,6,6,2,6,2,1,2,6,7,6,1,3,2,2,6,6,7,6,1,5,6,7,7,6,7,6,5,6,6,7,7,6,7,6,1,6,1,1,2,1,1,3,6,7,2,1,6,6,1,2,2,3,3,2,1,235
363,352,1,29,4,2,7,6,6,1,7,5,5,5,5,4,5,1,7,7,7,6,6,6,7,1,7,7,6,6,6,6,6,7,7,6,6,6,6,5,6,1,7,4,4,5,5,4,4,6,7,2,3,2,3,1,6,6,6,6,6,1,286
365,622,1,30,4,1,3,6,5,2,4,3,3,2,4,5,5,1,4,5,6,6,6,3,4,1,4,5,5,6,5,5,6,4,4,5,5,5,4,3,3,1,5,4,3,3,4,4,4,4,3,4,3,3,3,1,4,4,5,3,4,1,217
366,379,1,30,4,2,5,6,5,1,7,1,1,2,1,5,5,1,7,7,6,5,1,3,6,1,7,5,7,5,7,4,6,7,4,5,3,5,4,3,6,1,7,5,2,4,7,7,3,7,5,6,1,6,4,1,7,4,4,3,2,1,241
367,389,2,30,4,1,2,6,4,1,3,2,1,2,1,2,2,1,2,4,6,7,4,2,3,1,2,1,6,4,3,2,6,2,3,4,4,5,6,3,2,1,2,4,2,4,4,2,4,2,1,2,1,2,1,1,6,5,6,6,7,1,173
368,802,1,36,4,2,4,7,4,2,4,3,4,2,3,5,5,1,5,5,5,6,2,1,4,1,6,7,4,5,6,2,6,6,5,6,4,3,5,2,3,1,5,3,3,2,4,3,4,5,4,3,2,4,2,1,5,3,4,5,2,1,209
369,410,1,30,4,1,4,4,4,3,4,3,2,1,2,2,2,1,4,5,4,4,4,4,4,1,4,3,3,3,3,3,6,4,2,2,2,2,2,2,2,1,4,4,4,4,4,4,4,4,4,4,4,4,4,1,4,4,5,6,5,1,184
370,410,2,24,4,1,6,6,5,3,7,6,7,7,7,6,6,1,6,6,7,5,6,7,6,1,6,5,7,7,5,6,6,5,6,4,6,7,7,4,4,1,7,3,3,4,3,1,2,7,7,3,2,6,4,1,3,5,3,2,2,1,266
372,422,2,32,2,2,5,5,6,3,6,6,5,6,7,7,6,1,5,6,7,6,7,7,6,1,7,6,2,6,4,2,6,6,7,6,7,6,7,6,7,1,7,3,5,7,5,3,6,7,6,7,5,6,4,1,6,4,5,4,2,1,288
375,523,2,45,3,2,6,5,4,2,6,4,3,3,2,3,3,1,6,5,6,5,4,4,5,1,7,3,5,5,4,3,6,6,3,4,5,5,5,3,3,1,7,1,1,4,2,1,4,7,2,2,1,3,2,1,4,5,5,5,2,1,206
376,500,2,35,4,2,7,6,5,2,7,5,6,5,6,5,6,1,7,5,6,6,5,6,5,1,7,5,6,5,4,4,6,7,4,5,5,5,6,5,5,1,7,5,4,5,4,5,4,7,3,3,2,3,2,1,5,4,5,6,4,1,262
377,600,2,30,4,1,1,5,4,1,4,2,1,2,3,2,3,1,2,6,7,7,3,3,3,1,2,4,5,4,3,1,6,2,3,3,6,5,6,2,1,1,2,4,3,4,3,1,4,2,2,1,1,2,2,1,6,5,6,6,6,1,177
378,862,1,33,4,2,4,6,4,2,4,5,5,4,6,5,6,1,5,6,7,5,6,5,6,1,5,4,6,4,3,3,6,5,6,7,5,6,5,4,6,1,5,4,3,5,6,3,5,4,6,3,2,3,2,1,5,4,5,3,4,1,243
387,263,2,20,4,1,4,6,5,3,4,3,6,7,6,7,7,1,5,7,7,6,4,3,5,1,5,5,6,6,4,3,6,6,5,6,5,7,7,4,5,1,6,4,3,5,6,4,6,5,6,2,5,4,3,1,6,6,5,3,2,1,261
388,272,2,26,4,1,6,5,5,2,7,5,5,4,3,5,6,1,5,6,5,6,5,6,4,1,6,4,3,4,4,5,6,5,5,5,5,4,5,4,6,1,6,5,3,3,5,3,3,6,5,4,3,5,5,1,3,3,4,3,2,1,237
390,256,2,20,4,1,7,7,7,2,7,6,3,1,6,7,6,1,6,5,5,4,6,6,7,1,4,6,7,7,4,6,6,6,7,5,7,6,7,6,6,1,7,5,5,6,7,4,7,6,7,3,2,5,3,1,5,4,5,3,5,1,282
392,359,2,27,3,2,6,6,4,2,6,2,2,1,6,6,4,1,4,3,2,1,6,7,5,1,5,6,6,6,6,4,6,4,6,3,2,1,2,6,2,1,6,1,1,1,6,2,1,5,6,3,5,6,5,1,1,1,1,1,2,1,197
393,253,2,28,4,1,6,6,4,2,6,4,3,3,5,5,5,1,6,6,7,7,4,4,3,1,6,2,3,4,5,3,6,6,4,4,4,4,4,3,3,1,6,2,2,3,4,3,4,6,3,3,2,2,2,1,5,5,5,5,4,1,218
394,431,2,38,4,2,5,7,6,3,7,4,5,7,7,6,5,1,4,7,6,7,4,2,6,1,7,5,6,7,6,5,6,4,6,7,7,6,5,4,5,1,7,4,4,5,6,2,6,6,7,2,1,4,3,1,5,6,7,7,3,1,274
396,299,2,28,4,2,6,6,5,4,6,5,6,5,7,7,6,1,5,5,3,3,5,4,5,1,4,4,6,5,4,4,6,6,6,6,5,7,5,6,4,1,7,2,1,2,4,1,4,7,7,4,4,5,3,1,3,4,3,1,3,1,241
397,336,1,35,4,2,6,6,5,2,6,2,1,2,3,4,5,1,5,6,7,7,3,3,2,1,6,2,6,5,3,2,6,6,2,5,6,6,7,3,3,1,7,2,3,4,3,2,4,6,2,1,2,2,1,1,6,6,5,6,5,1,215
398,409,2,32,4,2,5,7,5,2,6,5,6,4,6,6,7,1,6,6,7,7,3,3,3,1,6,5,6,6,7,5,6,6,6,5,6,5,6,5,2,1,6,5,6,6,7,2,6,6,2,2,3,2,1,1,6,7,6,6,7,1,267
400,247,2,25,5,1,6,7,5,2,6,5,5,6,4,5,5,1,5,6,5,7,5,4,6,1,5,6,7,5,6,5,6,5,6,4,5,6,7,5,5,1,7,4,3,5,4,4,5,7,5,4,2,3,2,1,5,6,7,5,4,1,264
401,258,2,27,4,1,5,7,4,2,6,5,5,5,6,6,6,1,6,6,6,6,2,2,2,1,6,3,5,5,3,3,6,6,3,5,5,5,6,3,3,1,6,3,3,4,4,4,3,6,3,3,3,4,4,1,4,4,4,4,3,1,228
402,273,1,21,4,1,6,5,4,2,7,7,5,6,3,3,4,1,6,4,5,3,5,6,7,1,6,2,5,6,2,2,6,7,5,6,5,7,5,4,4,1,7,3,1,3,4,2,3,7,6,4,3,5,5,1,2,2,3,1,1,1,227
406,327,2,19,4,1,6,5,4,2,6,3,4,4,3,3,4,1,6,5,5,5,2,4,4,1,6,3,2,3,3,3,6,5,3,3,4,4,5,3,3,1,7,2,2,6,4,3,5,7,4,3,1,3,2,1,4,5,5,4,3,1,206
408,350,2,31,4,2,6,6,5,3,6,1,2,2,5,4,6,1,6,6,7,6,2,2,1,1,6,4,6,6,4,2,6,5,3,4,6,6,7,4,6,1,6,4,4,4,3,2,4,6,2,1,1,2,2,1,6,5,6,6,3,1,223
412,273,1,32,4,2,6,7,6,2,6,5,6,7,5,6,6,1,6,7,7,6,2,1,5,1,6,6,7,6,6,7,6,6,5,6,6,5,5,6,6,1,6,5,5,6,6,5,5,6,2,1,2,2,1,1,6,5,6,6,5,1,270
414,283,2,28,4,2,7,6,4,2,7,2,2,1,5,4,6,1,7,5,4,6,3,4,2,1,5,4,3,5,6,5,6,6,5,3,2,4,5,4,2,1,7,2,3,4,2,3,4,7,4,2,1,3,2,1,5,4,7,2,1,1,210
416,307,2,28,5,2,5,6,4,1,6,4,6,6,3,4,5,1,4,7,7,4,4,3,7,1,4,2,6,6,6,3,6,3,7,7,6,6,7,2,4,1,5,1,1,1,4,1,6,4,3,2,1,4,4,1,6,7,7,6,3,1,232
421,286,1,47,4,2,7,6,5,3,7,5,6,6,4,5,6,1,5,4,5,5,6,6,7,1,7,2,3,5,3,4,6,6,6,5,2,3,5,5,3,1,7,1,3,3,4,3,2,6,5,6,5,4,4,1,2,4,4,1,2,1,234
425,301,2,29,4,2,7,5,4,2,7,4,6,3,5,3,6,1,7,4,7,4,6,5,3,1,6,7,5,6,7,2,6,5,7,3,6,3,6,2,1,1,7,2,1,3,2,7,7,7,4,1,1,1,1,1,6,5,7,3,2,1,232
426,254,1,41,2,1,7,6,5,4,7,6,5,4,7,6,5,1,7,6,5,4,7,6,5,1,7,6,5,4,7,6,6,7,6,5,7,6,5,4,7,1,7,6,5,4,7,6,4,7,6,5,4,7,6,1,4,2,6,5,4,1,290
427,383,2,36,4,2,7,4,5,3,7,5,4,5,5,4,5,1,7,5,6,5,3,2,3,1,7,4,5,4,5,5,6,7,4,5,5,4,5,4,4,1,7,3,3,4,5,3,5,7,5,4,3,3,2,1,5,6,6,6,5,1,246
430,285,2,41,4,2,6,5,5,3,6,4,4,4,5,5,6,1,5,6,7,6,2,3,2,1,7,4,5,5,5,4,6,5,5,4,6,6,6,3,5,1,7,4,4,4,5,3,4,7,5,4,3,4,3,1,4,4,5,5,3,1,243
431,870,1,32,4,2,6,5,4,1,6,3,2,2,3,2,3,1,6,7,6,5,3,2,4,1,7,4,5,4,6,3,6,7,5,4,5,5,6,5,6,1,7,6,5,6,5,4,6,6,5,2,2,3,1,1,7,6,5,6,5,1,240
432,250,2,28,4,2,7,5,4,3,7,6,7,7,7,7,6,1,4,5,7,5,3,4,6,1,6,7,5,6,7,5,6,6,6,7,7,6,6,6,5,1,7,5,4,4,5,6,4,7,6,5,5,6,5,1,5,5,6,4,2,1,287
433,400,2,30,5,1,6,5,4,3,6,5,5,5,4,5,4,1,4,4,5,3,5,5,5,1,5,4,5,3,3,4,6,5,5,4,3,4,5,5,5,1,6,2,2,3,5,5,4,6,5,3,4,5,4,1,4,3,4,3,2,1,224
440,283,2,20,4,1,7,7,4,4,7,5,5,6,7,6,6,1,7,6,6,7,3,5,3,1,7,1,3,5,3,1,6,7,4,6,7,7,7,2,1,1,7,1,2,5,6,2,7,7,5,2,2,1,1,1,7,6,7,2,7,1,250
441,403,2,33,4,2,6,6,7,2,7,6,1,1,6,7,7,1,5,7,7,6,1,2,6,1,6,2,6,7,6,6,6,5,6,5,6,5,7,2,5,1,7,6,6,7,6,2,7,7,2,1,1,1,1,1,6,7,7,7,5,1,261
442,659,2,22,4,1,4,6,5,2,5,4,6,2,5,4,4,1,5,6,6,7,6,6,5,1,7,6,5,6,5,3,6,6,7,4,6,6,4,6,6,1,6,6,7,7,6,5,4,6,3,6,2,3,2,1,6,7,6,7,2,1,267
444,303,1,53,4,2,7,7,4,1,7,2,1,1,2,2,4,1,6,7,7,6,2,1,2,1,7,1,4,2,2,1,6,6,2,2,2,1,6,2,1,1,6,4,6,6,5,5,6,6,4,2,1,4,2,1,6,6,6,6,5,1,205
445,489,2,29,4,2,6,5,5,2,6,3,2,1,3,2,5,1,5,6,6,7,3,5,2,1,6,2,5,6,3,2,6,6,5,5,6,6,5,3,5,1,6,5,5,7,6,7,5,6,5,3,3,5,4,1,6,5,7,6,7,1,248
448,501,1,32,4,2,5,5,5,3,6,3,3,3,6,6,6,1,5,6,5,6,4,3,3,1,7,5,6,5,6,5,6,6,5,6,5,6,5,6,6,1,6,4,4,5,6,3,5,6,3,2,2,2,1,1,6,5,6,6,1,1,246
450,387,2,26,4,2,6,5,5,4,6,3,2,3,4,5,6,1,5,6,7,6,4,3,3,1,7,4,3,5,2,1,6,7,3,5,4,4,5,3,3,1,7,2,1,2,6,5,2,6,5,6,5,6,5,1,4,2,3,4,1,1,222
451,387,2,32,4,2,5,5,5,3,5,5,5,5,6,6,6,1,5,3,3,3,5,5,5,1,5,5,5,5,5,5,6,5,5,5,5,5,5,5,5,1,5,3,3,3,4,3,3,5,5,3,5,5,4,1,4,4,4,5,5,1,239
456,370,2,23,4,1,6,6,5,4,6,5,4,5,4,4,5,1,6,5,6,5,4,6,3,1,6,4,3,3,2,4,6,6,3,6,4,3,5,5,5,1,6,4,4,4,5,4,5,6,5,5,5,5,3,1,5,4,5,2,3,1,239
457,378,1,28,4,2,5,6,6,2,5,4,5,4,7,4,5,1,6,7,7,7,5,2,2,1,7,1,3,5,1,1,6,7,1,1,1,3,2,1,1,1,6,1,1,4,5,1,6,7,1,1,2,4,4,1,3,5,4,1,4,1,195
460,468,2,23,4,1,4,5,4,3,4,5,5,5,3,4,4,1,4,5,5,5,4,4,5,1,5,4,4,5,5,5,6,5,5,6,5,5,6,5,5,1,5,3,3,4,5,4,4,4,4,5,4,4,4,1,4,3,4,3,3,1,229
461,291,2,32,4,1,5,7,6,3,7,6,7,6,6,4,5,1,7,5,4,5,5,7,6,1,7,4,6,5,5,1,6,7,4,4,5,4,5,4,5,1,7,1,1,1,1,1,1,7,5,3,2,5,5,1,2,1,2,2,1,1,226
463,296,2,26,4,2,6,7,5,4,6,4,5,4,5,6,6,1,5,4,5,4,6,6,6,1,7,4,5,5,4,5,6,5,5,4,5,5,6,4,5,1,7,3,2,3,5,3,4,7,5,5,4,6,5,1,3,3,4,3,2,1,248
464,332,2,31,4,2,5,6,5,3,5,4,4,4,5,6,5,1,4,6,5,4,3,3,5,1,4,3,2,4,3,3,6,4,4,5,5,5,6,4,4,1,5,4,4,4,5,4,4,5,4,4,3,4,3,1,4,4,4,3,3,1,220
465,367,1,27,4,2,5,7,6,1,6,3,2,3,6,5,7,1,4,6,7,5,4,2,3,1,5,6,5,7,6,5,6,5,7,6,5,6,7,5,6,1,6,2,1,4,2,2,4,6,4,2,3,1,2,1,6,5,6,7,3,1,240
469,772,1,29,4,2,5,6,6,3,5,3,3,3,6,4,6,1,6,5,6,5,6,5,5,1,5,6,5,5,6,5,6,5,6,5,6,5,6,6,5,1,6,5,5,6,6,5,6,5,6,5,5,6,2,1,5,6,5,5,4,1,268
471,288,1,42,2,2,3,5,4,2,4,5,3,4,4,3,5,1,4,4,5,4,3,2,4,1,4,5,6,5,4,3,6,3,5,6,3,4,6,4,3,1,5,2,1,2,4,3,4,5,6,5,3,5,2,1,2,4,3,4,2,1,202
472,297,1,30,5,2,7,7,5,1,7,6,6,6,4,4,3,1,7,6,6,7,2,4,3,1,7,2,2,6,3,3,6,7,3,3,5,5,6,3,3,1,7,3,3,4,3,3,4,7,6,3,3,2,1,1,2,6,6,7,6,1,236
474,366,2,21,3,1,6,4,4,3,7,5,3,4,5,6,4,1,3,5,6,4,3,6,5,1,4,3,5,6,4,3,6,5,4,5,6,6,7,4,5,1,7,2,1,4,5,4,3,7,6,4,3,6,4,1,3,4,3,2,2,1,231
475,250,2,28,4,2,5,6,5,1,6,3,3,2,5,6,5,1,2,6,5,5,3,3,2,1,5,1,3,3,1,2,6,6,2,6,7,7,7,3,5,1,7,1,3,2,4,2,2,7,3,1,2,6,4,1,2,2,4,5,4,1,203
476,252,2,30,4,2,5,7,6,2,7,5,5,6,7,7,7,1,6,7,6,7,7,6,6,1,6,7,7,6,6,5,6,5,6,6,7,7,5,6,5,1,7,6,5,7,7,6,5,7,4,3,3,2,2,1,6,7,7,6,3,1,297
477,252,1,30,4,2,5,5,6,2,7,3,2,1,2,1,2,1,7,6,5,6,2,3,5,1,7,2,5,6,6,6,6,7,5,4,6,6,6,7,5,1,7,1,2,1,3,1,2,7,5,6,1,2,5,1,2,3,2,5,1,1,215
480,518,1,36,4,2,5,6,5,2,5,2,2,2,5,5,6,1,5,6,6,6,2,2,2,1,5,4,5,6,4,4,6,5,5,5,4,3,5,4,4,1,6,6,5,6,5,4,6,6,3,2,2,2,1,1,6,5,6,5,4,1,228
484,320,1,33,4,2,7,6,5,3,7,6,5,4,6,5,6,1,3,7,5,6,7,5,5,1,7,6,5,4,6,3,6,7,3,5,4,6,5,4,6,1,5,4,3,5,4,3,5,7,7,3,2,1,3,1,5,4,6,2,3,1,252
485,286,2,28,4,1,6,6,5,2,7,4,4,4,5,5,6,1,7,6,6,7,3,3,4,1,7,4,3,5,5,5,6,7,5,6,6,6,7,3,3,1,7,3,3,5,3,3,5,7,3,2,2,2,1,1,6,5,7,6,6,1,249
486,310,1,45,3,2,1,6,7,1,1,3,2,3,1,2,4,1,2,5,6,6,5,3,5,1,3,4,5,6,5,6,6,4,6,7,5,4,5,6,6,1,5,3,4,5,4,3,4,3,6,3,4,3,3,1,2,3,4,3,2,1,210
487,254,1,25,4,2,7,5,4,6,7,4,6,5,3,4,7,1,7,6,4,7,5,6,4,1,6,4,3,5,7,4,6,7,5,3,4,6,4,5,3,1,7,6,4,5,4,7,6,7,4,2,1,4,3,1,6,4,5,7,2,1,258
488,378,2,30,4,1,2,6,5,1,2,3,2,2,4,2,3,1,2,4,6,7,2,3,5,1,2,3,4,5,3,2,6,2,3,2,5,5,6,2,1,1,2,3,2,4,3,2,4,2,3,2,1,2,2,1,6,5,6,6,7,1,179
489,378,1,42,4,2,7,4,4,4,7,4,4,4,6,6,6,1,6,4,4,4,5,5,6,1,7,4,4,5,4,3,6,6,4,3,4,4,6,4,4,1,7,3,4,4,4,3,4,6,4,4,4,3,2,1,3,4,4,4,1,1,231
490,385,1,43,4,2,5,6,5,2,6,2,2,1,4,4,4,1,6,6,7,6,3,2,3,1,6,4,5,5,5,5,6,6,5,5,6,6,5,5,5,1,6,3,3,3,3,3,4,6,3,3,2,2,1,1,6,6,7,6,5,1,230
493,376,1,36,4,2,7,6,5,3,7,2,4,2,5,6,4,1,7,6,7,6,1,4,5,1,7,2,4,5,6,3,6,7,6,7,5,7,4,2,1,1,7,4,2,1,4,5,4,7,5,3,1,5,2,1,6,5,7,5,3,1,240
494,571,2,35,3,2,6,4,4,4,6,1,2,2,4,6,6,1,6,7,7,7,4,5,4,1,6,4,3,5,4,2,6,5,3,4,5,5,5,4,3,1,5,2,1,3,4,3,4,6,5,2,2,3,3,1,4,4,5,5,1,1,216
495,460,2,36,4,2,6,4,5,3,6,5,5,5,6,5,6,1,4,5,5,6,5,3,3,1,6,4,5,5,3,2,6,5,4,4,5,3,5,3,3,1,6,4,4,4,3,3,4,6,4,2,2,2,2,1,5,5,6,6,6,1,229
496,465,1,29,4,2,7,7,7,1,7,4,5,5,5,5,5,1,7,7,6,6,6,4,5,1,7,7,7,6,6,6,6,7,7,7,7,6,6,6,6,1,7,6,5,5,5,4,5,6,2,2,3,2,2,1,7,7,7,7,7,1,290
498,424,1,32,4,2,5,6,5,3,5,5,6,5,4,5,5,1,5,6,6,4,3,3,4,1,6,5,6,5,5,5,6,6,5,6,6,5,6,4,5,1,5,4,3,4,5,2,4,6,5,5,3,5,4,1,4,3,4,3,3,1,243
499,376,2,32,4,2,5,6,4,3,4,5,5,6,3,4,4,1,4,5,6,5,6,6,7,1,4,5,4,5,6,4,6,4,5,4,5,6,4,5,6,1,5,3,3,4,4,3,3,4,5,6,5,5,5,1,3,4,3,2,3,1,236
500,797,1,35,4,2,6,6,5,2,7,2,2,2,6,6,7,1,7,7,6,7,2,2,2,1,7,2,6,5,4,4,6,7,5,6,5,5,7,5,5,1,7,6,6,6,5,2,6,7,4,1,2,1,2,1,7,6,6,7,5,1,254
505,615,2,35,4,2,2,7,7,1,2,7,5,6,4,5,5,1,2,5,4,7,6,7,6,1,2,3,5,7,5,6,6,2,6,5,7,7,7,5,4,1,2,3,4,2,4,1,4,2,4,3,4,3,3,1,5,4,5,3,2,1,228
506,655,2,30,4,2,7,4,4,4,7,3,3,4,2,2,4,1,6,6,7,6,5,4,4,1,6,4,4,4,4,4,6,6,4,4,5,5,6,4,4,1,6,4,3,4,3,4,4,6,4,3,4,4,2,1,5,5,6,6,6,1,236
507,724,1,35,4,2,6,5,5,3,7,4,4,3,4,3,1,1,6,7,5,7,2,1,2,1,7,4,6,4,6,4,6,7,4,3,4,4,5,4,4,1,6,4,4,5,6,4,4,7,3,2,3,2,2,1,5,4,5,5,4,1,227
509,779,1,34,4,2,7,5,5,2,6,5,6,5,7,6,6,1,6,6,7,6,5,5,5,1,5,3,5,6,5,5,6,5,5,6,7,6,7,5,6,1,7,4,4,5,6,4,5,7,5,3,3,3,1,1,4,4,4,4,3,1,263
521,302,1,36,4,3,6,2,2,6,5,3,5,4,5,7,6,1,2,5,4,2,5,6,3,1,5,5,7,6,7,5,6,5,7,3,6,6,7,4,5,1,6,2,3,2,7,4,3,5,7,6,5,7,7,1,1,2,1,2,1,1,238
524,325,1,40,4,3,7,7,7,2,7,5,6,7,2,6,6,1,7,6,5,5,6,5,6,1,7,5,5,5,5,6,6,6,5,5,4,5,5,6,4,1,7,2,2,4,5,2,2,7,5,6,6,7,6,1,2,2,1,3,1,1,256
525,386,2,28,4,1,6,6,5,3,6,4,4,4,5,6,7,1,5,7,7,6,2,2,2,1,7,4,5,5,5,5,6,5,5,5,6,5,7,5,5,1,7,2,2,4,4,1,3,7,4,1,1,4,4,1,4,3,4,4,3,1,234
527,385,1,36,4,3,7,7,6,1,7,1,2,1,2,2,2,1,7,6,7,7,2,2,2,1,7,6,7,7,5,5,6,7,7,7,6,7,7,4,4,1,7,5,4,5,4,1,5,7,2,2,1,1,2,1,6,7,7,6,6,1,246
530,271,2,26,4,1,4,6,5,2,5,2,2,2,3,3,4,1,4,6,6,5,3,3,2,1,5,5,6,6,4,4,6,5,5,6,6,5,6,5,4,1,4,5,3,3,5,2,5,4,5,3,2,5,2,1,5,4,5,6,4,1,222
532,461,2,29,4,1,4,5,4,3,4,4,5,4,3,5,5,1,3,4,4,4,5,5,4,1,3,5,5,4,6,5,6,3,5,5,6,5,6,4,3,1,4,2,3,2,4,3,3,4,5,4,3,6,4,1,3,3,2,4,2,1,212
533,281,1,35,5,1,6,5,6,2,6,7,5,6,2,3,2,1,6,7,6,5,2,1,3,1,6,7,5,6,7,5,6,6,5,7,6,5,6,5,6,1,6,5,4,6,7,2,6,6,7,5,3,6,1,1,6,5,6,4,2,1,260
534,297,1,32,4,1,6,6,5,2,7,6,5,4,3,5,5,1,7,6,5,6,2,3,5,1,6,5,4,4,5,2,6,7,5,6,5,5,7,4,3,1,7,4,3,4,5,4,5,7,5,3,2,4,2,1,5,4,4,5,3,1,243
535,369,1,43,4,1,5,6,5,2,5,1,2,1,7,5,6,1,5,6,7,6,1,2,1,1,5,3,5,6,5,4,6,4,5,6,7,6,5,3,2,1,6,5,4,5,6,4,5,6,3,2,1,2,3,1,4,5,6,7,2,1,226
536,438,2,32,5,3,6,6,4,4,7,5,5,4,4,6,6,1,7,7,6,5,7,6,6,1,7,4,5,6,6,5,6,7,5,5,6,6,7,5,5,1,7,4,4,3,3,3,4,7,5,6,3,7,3,1,5,6,5,4,4,1,274
537,630,1,34,4,1,5,3,4,3,5,3,5,4,5,4,5,1,5,3,4,3,4,3,2,1,6,5,3,5,5,4,6,5,5,5,4,6,5,3,4,1,5,6,6,5,5,5,5,6,3,3,2,3,4,1,5,6,5,5,3,1,228
540,434,2,26,4,1,6,5,4,2,7,4,3,3,5,5,6,1,6,5,6,5,4,4,4,1,6,4,5,6,4,4,6,7,4,5,5,5,6,4,3,1,6,4,3,4,4,3,4,7,4,3,2,2,2,1,5,5,6,4,4,1,235
541,470,1,35,5,1,6,6,6,2,7,6,5,5,4,1,4,1,4,7,7,6,3,4,5,1,4,5,7,6,7,7,6,6,4,5,6,6,7,5,4,1,6,5,3,5,4,5,6,6,3,4,2,4,1,1,6,6,7,6,3,1,260
542,536,2,30,4,1,5,6,4,2,5,2,1,3,5,4,6,1,4,4,4,3,1,2,2,1,5,4,3,5,2,3,6,4,3,4,4,2,6,3,1,1,5,1,1,3,2,1,4,5,2,1,1,2,1,1,5,5,6,3,4,1,175
543,312,2,25,4,1,2,5,4,3,2,7,6,5,4,3,5,1,1,5,6,7,3,4,5,1,2,5,4,5,6,4,6,1,4,5,1,3,5,3,5,1,1,1,2,3,2,3,4,2,4,4,5,3,5,1,3,4,6,6,3,1,202
544,394,1,28,3,1,7,6,7,1,7,2,1,1,5,6,6,1,7,6,6,7,2,2,5,1,7,6,6,7,6,7,6,7,6,7,5,6,7,6,7,1,7,5,5,6,6,4,6,7,2,1,1,2,1,1,6,6,7,6,6,1,269
545,577,1,35,4,3,6,6,5,4,6,3,2,3,5,6,6,1,6,6,6,7,5,5,6,1,7,5,6,6,5,5,6,7,6,6,5,6,6,7,6,1,6,5,5,6,5,2,5,7,3,4,3,2,2,1,6,5,6,6,6,1,271
546,439,2,37,4,3,3,6,6,2,3,2,3,3,4,4,4,1,4,6,6,7,3,4,4,1,4,6,6,5,5,6,6,4,6,6,4,4,5,5,4,1,4,5,5,4,6,4,5,4,5,3,2,5,1,1,3,4,4,3,1,1,223
549,408,1,37,4,3,6,6,5,3,6,5,6,6,3,3,2,1,6,4,4,3,5,6,5,1,5,5,6,6,5,5,6,6,5,5,6,6,5,6,5,1,5,3,2,4,5,2,2,6,6,5,4,5,4,1,3,3,2,4,3,1,239
550,656,1,35,4,3,5,5,4,4,2,3,3,3,6,5,6,1,6,5,7,6,6,5,6,1,5,5,6,5,6,5,6,6,5,5,5,6,6,5,5,1,6,5,5,5,5,1,6,6,2,3,2,2,1,1,6,5,6,6,7,1,252
552,297,1,36,4,1,6,5,6,3,7,3,2,3,5,6,7,1,6,5,7,5,4,3,4,1,7,4,6,5,5,6,6,7,5,6,6,5,5,5,4,1,7,5,4,5,4,4,5,7,6,3,5,4,2,1,5,6,5,5,3,1,259
555,323,1,47,4,3,6,7,6,2,6,4,2,3,4,3,5,1,6,7,7,6,2,2,5,1,6,6,6,7,6,6,6,6,7,6,6,7,6,6,6,1,6,3,3,4,4,5,4,6,7,2,1,2,6,1,6,6,7,6,6,1,265
558,719,1,30,4,1,6,5,6,3,6,6,5,5,6,6,7,1,6,7,6,6,7,5,6,1,5,6,6,5,6,5,6,5,6,5,6,6,6,5,6,1,6,5,5,4,5,4,4,4,5,4,5,5,3,1,5,6,5,5,6,1,279
560,297,1,29,4,1,7,7,6,2,7,6,6,7,4,4,3,1,5,7,6,6,2,1,2,1,5,6,7,6,6,5,6,6,7,6,6,7,7,6,6,1,7,2,1,4,3,2,4,7,3,2,1,2,4,1,7,6,6,7,6,1,259
561,625,1,53,2,3,3,7,6,1,4,7,6,7,5,6,5,1,4,7,6,5,2,3,4,1,4,5,7,6,7,5,6,4,6,6,7,7,5,5,6,1,4,5,5,6,7,5,6,4,4,2,4,4,4,1,5,5,6,6,5,1,266
567,309,1,29,4,1,7,7,6,2,7,6,6,6,3,3,3,1,6,7,7,6,1,2,2,1,6,7,6,6,7,6,6,7,6,6,7,7,6,6,7,1,7,3,2,2,3,2,3,7,1,1,2,2,4,1,7,6,6,7,6,1,259
569,435,1,33,4,1,7,6,5,4,7,6,5,7,5,5,4,1,7,6,5,7,6,7,5,1,7,6,6,6,6,7,6,7,6,5,4,6,4,6,6,1,7,6,7,6,6,6,7,7,6,2,3,3,2,1,7,6,6,7,2,1,293
571,315,2,29,4,1,7,7,6,2,7,6,6,6,3,3,3,1,6,7,6,7,2,1,2,1,6,7,6,6,7,6,6,7,6,6,7,6,6,7,6,1,7,1,2,2,1,2,4,7,1,2,2,1,4,1,7,6,6,7,6,1,255
572,321,2,30,4,1,5,6,6,1,5,7,6,7,3,7,5,1,6,6,7,7,4,4,7,1,6,3,5,6,5,3,6,7,5,6,5,5,7,5,6,1,6,4,3,5,3,2,5,6,5,3,2,4,1,1,5,5,6,7,6,1,262
573,320,2,31,4,1,6,6,6,1,6,3,3,4,6,5,5,1,5,6,6,5,4,5,5,1,5,6,5,5,6,5,6,4,5,4,4,5,5,5,6,1,5,5,3,4,4,4,5,6,5,3,2,5,4,1,5,4,5,5,3,1,245
575,598,1,28,4,1,6,7,5,1,5,4,3,2,5,6,7,1,3,7,6,6,2,1,3,1,4,3,2,2,4,3,6,3,2,1,4,5,4,2,1,1,5,6,4,5,4,3,6,6,3,2,1,1,2,1,4,5,5,3,2,1,197
576,339,2,28,4,1,7,5,4,2,7,5,3,3,2,4,5,1,6,5,6,4,2,5,5,1,7,2,5,6,3,4,6,7,3,5,6,6,7,5,2,1,7,1,1,4,3,4,5,7,3,1,1,1,2,1,4,5,6,3,2,1,219
579,299,1,30,4,1,6,6,4,3,6,3,3,3,4,4,3,1,5,3,3,2,4,6,6,1,6,4,3,4,3,3,6,6,4,4,3,3,4,3,4,1,6,2,2,2,4,2,3,6,5,5,6,6,5,1,2,1,3,2,1,1,202
580,307,1,24,4,1,7,6,5,2,7,4,4,5,2,4,4,1,6,7,6,5,6,4,5,1,6,5,6,5,6,5,6,6,5,6,7,5,6,6,6,1,7,3,2,4,5,2,4,6,5,3,2,4,3,1,3,4,5,5,4,1,251
581,494,2,25,4,1,5,6,7,4,6,7,5,6,5,7,6,1,7,6,7,6,5,4,5,1,6,7,6,6,7,7,6,7,6,7,6,6,7,6,7,1,6,7,7,5,6,7,6,7,4,5,3,3,2,1,6,5,6,5,4,1,300
582,947,1,33,3,1,5,5,4,3,7,6,4,5,6,4,6,1,7,6,7,7,4,5,3,1,7,3,6,6,6,4,6,7,4,6,1,1,5,7,3,1,7,4,5,6,7,4,5,7,5,4,1,5,4,1,5,5,5,5,1,1,256
583,383,2,23,4,1,7,6,5,1,7,7,7,6,5,5,4,1,5,7,2,4,2,3,4,1,7,3,4,5,3,2,6,3,4,6,2,4,2,1,2,1,7,3,2,4,6,7,5,6,4,3,5,2,4,1,2,5,4,3,1,1,219
584,518,1,35,4,1,6,7,7,4,6,6,6,5,6,7,5,1,7,6,5,5,7,7,6,1,7,4,5,7,4,5,6,6,6,7,7,7,7,5,5,1,7,4,4,2,4,4,3,6,5,5,3,4,6,1,5,3,3,7,1,1,277
589,280,1,30,4,1,7,7,7,2,7,4,4,4,2,4,6,1,6,5,7,7,6,3,6,1,7,6,7,3,3,3,6,7,2,6,7,6,7,2,3,1,7,1,1,2,4,1,4,7,5,4,1,1,4,1,5,4,5,3,2,1,235
590,340,1,30,4,1,5,7,4,6,6,5,4,6,3,6,5,1,5,3,6,4,4,2,5,1,6,4,4,6,4,3,6,4,5,3,5,5,4,6,4,1,6,4,5,5,4,5,4,6,4,6,5,6,3,1,5,4,6,5,4,1,247
591,350,1,28,4,1,6,6,5,3,6,6,6,6,6,7,6,1,6,6,6,5,2,3,6,1,6,6,6,6,7,4,6,7,6,6,7,6,7,5,7,1,7,6,6,7,6,6,7,7,4,3,3,3,1,1,6,7,7,6,5,1,291
595,304,2,31,5,1,6,6,6,1,6,5,6,6,5,6,7,1,6,7,6,6,2,2,3,1,6,6,5,5,3,2,6,7,2,3,6,5,6,3,3,1,7,5,3,3,5,3,6,7,3,2,1,3,1,1,5,5,6,6,3,1,239
596,253,1,42,4,3,7,5,3,4,7,3,3,4,5,6,5,1,5,6,6,4,3,3,5,1,7,5,4,4,4,5,6,6,4,5,6,5,4,4,5,1,7,4,3,4,5,5,4,6,3,4,3,4,3,1,5,4,5,4,3,1,239
597,331,2,23,4,1,6,5,5,4,5,7,6,5,5,6,6,1,6,6,5,4,4,6,5,1,6,5,4,5,5,5,6,6,5,5,4,5,5,6,4,1,6,3,3,4,5,4,4,6,7,5,5,6,3,1,4,3,3,2,3,1,253
599,480,1,44,4,3,7,2,1,6,7,2,2,3,6,7,7,1,6,3,3,4,1,3,1,1,7,1,4,6,5,2,6,6,3,4,5,6,6,3,5,1,7,3,1,5,1,3,5,6,2,1,1,3,2,1,4,5,5,6,1,1,206
600,300,2,35,4,1,6,7,6,1,6,2,2,3,1,2,2,1,6,7,6,5,2,1,2,1,6,7,5,6,5,6,6,6,7,5,6,5,6,7,6,1,6,7,6,5,6,7,6,6,2,2,1,2,1,1,6,7,6,7,6,1,250
601,307,1,27,4,1,6,4,6,3,6,5,4,5,6,5,5,1,5,5,4,5,6,5,4,1,6,5,4,5,6,5,6,6,5,6,5,5,6,4,5,1,6,5,6,5,4,3,3,6,5,4,5,6,6,1,5,4,4,5,4,1,259
602,490,2,36,4,1,5,7,6,1,6,4,3,3,6,6,5,1,5,6,6,6,3,2,5,1,5,4,4,6,5,6,6,6,5,6,6,7,7,7,7,1,6,3,2,3,4,2,4,6,4,1,1,4,3,1,6,5,7,7,3,1,248
603,316,1,33,4,1,6,5,5,2,6,5,5,5,6,5,6,1,6,6,7,6,6,7,6,1,6,7,6,5,6,5,6,6,7,6,5,7,7,5,7,1,6,5,6,5,7,5,5,6,5,7,5,6,1,1,6,6,7,6,2,1,292
604,307,1,32,4,1,7,7,5,2,7,2,1,2,1,2,1,1,3,7,6,5,5,1,5,1,3,4,5,5,6,4,6,5,5,5,6,7,5,6,5,1,7,4,3,5,3,3,4,7,1,2,2,1,5,1,6,5,7,6,5,1,227
605,346,2,32,4,1,5,6,5,3,6,7,7,5,4,5,3,1,6,4,4,3,4,6,4,1,6,4,2,3,5,2,6,7,4,5,7,7,5,4,1,1,7,7,5,4,6,7,4,7,5,1,1,4,1,1,3,4,3,2,1,1,232
608,556,2,30,3,1,6,6,6,1,6,6,6,6,5,6,5,1,6,6,6,6,6,6,6,1,6,5,6,5,6,5,6,6,6,5,6,6,5,6,5,1,6,2,1,3,3,3,3,6,5,2,6,4,5,1,4,5,4,5,1,1,258
610,471,2,32,4,1,3,5,5,3,5,2,2,4,6,4,5,1,4,3,6,5,6,4,3,1,4,3,6,6,2,2,6,4,6,3,4,2,2,5,5,1,4,3,2,5,5,5,4,4,3,3,5,5,1,1,4,6,6,5,3,1,213
611,488,2,28,4,1,7,6,6,2,5,3,2,2,6,6,7,1,6,5,6,6,2,3,3,1,7,4,5,6,4,5,6,5,4,4,6,5,6,5,5,1,6,4,4,4,5,4,4,6,4,4,3,4,1,1,4,4,4,4,2,1,236
612,521,1,34,4,1,6,5,4,6,6,5,7,5,4,7,6,1,5,6,6,5,7,6,7,1,6,4,5,7,6,5,6,6,4,6,5,7,6,5,7,1,5,4,7,6,6,5,6,5,5,7,6,5,1,1,5,4,7,6,2,1,285
613,1048,1,38,4,3,5,6,4,2,6,5,5,6,7,5,6,1,5,4,5,6,4,5,5,1,7,5,6,5,6,5,6,6,5,6,7,6,6,4,5,1,6,4,3,4,5,2,4,6,5,3,4,3,2,1,3,4,4,3,1,1,247
614,526,2,34,4,1,3,6,5,2,3,5,5,5,4,5,6,1,2,5,6,6,5,6,4,1,2,3,6,6,5,3,6,2,4,5,6,3,6,5,2,1,2,2,2,4,3,2,4,3,5,2,2,5,5,1,4,5,6,7,2,1,217
615,665,2,20,4,1,7,6,4,3,7,5,6,7,4,5,5,1,7,5,6,4,6,6,7,1,7,4,5,5,4,3,6,7,5,6,4,5,6,5,5,1,7,1,1,2,3,2,4,7,6,1,1,6,2,1,6,3,5,4,3,1,246
616,560,2,26,4,1,6,5,6,4,6,5,5,6,3,4,5,1,5,5,6,5,6,5,5,1,5,6,5,5,4,3,6,5,3,5,3,3,3,3,3,1,5,4,3,4,4,3,4,4,3,3,3,4,2,1,5,4,5,4,4,1,227
618,905,2,36,4,1,6,5,5,2,6,2,4,2,5,6,5,1,6,6,7,5,2,1,3,1,6,7,5,6,5,6,6,6,5,6,6,7,6,5,7,1,6,7,5,4,5,5,5,7,6,2,5,3,2,1,6,7,5,6,5,1,263
619,513,2,30,4,1,5,5,6,2,6,5,5,5,4,4,5,1,5,4,5,5,4,3,3,1,5,4,4,5,4,4,6,5,4,4,4,4,5,4,4,1,6,4,4,4,4,3,5,6,3,3,2,3,2,1,5,4,5,5,5,1,225
620,819,1,28,4,1,5,5,5,2,5,4,2,2,2,3,2,1,5,6,5,6,3,3,3,1,6,3,4,4,4,4,6,5,4,5,5,5,5,4,5,1,5,3,3,4,4,4,3,5,5,4,3,5,5,1,4,4,4,3,3,1,213
621,536,1,26,4,1,7,5,4,4,7,6,1,2,5,5,6,1,7,6,5,6,5,2,5,1,7,6,5,6,3,3,6,7,3,5,5,6,5,3,5,1,7,5,3,4,5,2,5,7,7,2,2,2,1,1,6,5,6,7,5,1,249
626,591,2,43,4,3,6,4,5,2,5,4,4,4,2,4,5,1,5,6,6,5,3,2,3,1,5,4,4,5,4,4,6,5,4,5,5,4,6,4,4,1,5,4,4,4,4,4,5,5,2,2,3,2,2,1,5,5,5,6,4,1,220
632,271,2,43,4,3,5,6,5,3,5,6,7,7,4,4,4,1,5,6,7,5,4,4,5,1,6,4,5,5,6,5,6,6,5,5,5,6,6,5,5,1,6,3,2,4,4,3,3,6,4,4,3,4,4,1,3,3,4,2,2,1,241
633,298,2,27,4,1,5,6,7,3,5,3,2,3,2,1,2,1,3,5,6,7,3,2,1,1,3,2,4,5,6,4,6,3,5,6,5,7,6,5,6,1,5,3,2,4,3,2,4,6,2,3,1,2,3,1,6,5,7,6,5,1,213
634,454,2,31,4,1,5,6,5,2,6,3,3,2,6,6,7,1,3,7,5,6,4,5,6,1,5,4,5,6,6,5,6,6,6,5,6,7,6,5,5,1,6,5,3,5,6,4,5,7,5,5,3,3,2,1,5,5,5,6,3,1,258
635,329,2,49,4,3,6,7,5,3,6,3,2,3,5,4,6,1,7,6,7,6,4,3,4,1,6,5,6,7,6,5,6,7,6,5,6,7,6,7,6,1,6,7,6,7,5,6,6,7,3,2,2,3,1,1,6,7,7,6,6,1,276
636,349,2,36,4,3,7,6,7,4,7,7,6,6,7,7,6,1,7,7,7,5,4,4,7,1,7,7,7,6,7,6,6,7,6,6,7,5,6,6,7,1,7,5,1,3,2,1,4,7,7,2,3,6,5,1,5,5,6,7,4,1,292
637,324,1,35,4,1,5,4,4,4,4,4,5,5,5,5,4,1,4,4,4,4,4,3,5,1,4,4,5,4,4,3,6,5,4,4,4,4,4,4,4,1,5,4,3,3,4,3,4,4,3,4,3,3,1,1,5,4,6,6,3,1,213
639,480,1,30,4,1,5,6,5,2,5,6,5,5,7,6,7,1,4,5,6,5,2,3,3,1,5,6,5,6,6,5,6,6,5,6,6,5,5,6,7,1,6,2,3,6,5,3,5,5,3,2,3,4,3,1,6,5,5,6,3,1,252
644,351,1,28,4,1,6,3,3,5,7,3,3,2,6,5,6,1,5,6,5,6,3,3,4,1,6,4,3,5,4,2,6,7,2,3,4,4,5,2,3,1,7,5,4,6,5,2,6,7,5,2,2,3,2,1,5,4,6,5,2,1,224
645,649,1,19,3,1,5,3,4,6,6,6,7,6,4,5,5,1,5,5,4,3,5,5,6,1,5,4,5,5,5,4,6,5,4,4,6,6,5,4,5,1,5,2,2,4,4,2,3,5,6,4,3,4,4,1,3,4,3,1,5,1,232
646,307,1,28,4,1,7,7,6,1,7,2,1,2,3,2,3,1,7,6,6,5,4,4,5,1,7,2,3,2,3,1,6,7,2,3,3,3,2,1,3,1,7,4,3,3,4,3,4,7,3,3,1,2,3,1,6,5,6,6,5,1,206
647,279,2,33,4,1,7,6,7,2,7,6,7,5,2,5,2,1,3,5,6,6,7,6,7,1,7,6,6,5,7,7,6,2,4,6,6,5,7,4,5,1,7,2,1,1,4,1,2,7,6,4,2,7,6,1,2,1,3,1,3,1,244
648,286,1,28,4,1,6,6,6,2,6,2,1,2,6,7,5,1,6,7,6,5,6,2,1,1,7,5,6,7,5,6,6,7,5,6,7,5,5,7,6,1,7,5,5,6,7,5,5,7,3,1,3,2,2,1,5,5,6,5,5,1,261
649,287,1,28,4,1,6,5,4,5,5,7,4,4,5,5,5,1,4,7,3,4,5,6,4,1,3,4,6,3,7,4,6,7,5,4,7,5,4,6,4,1,7,5,3,3,2,1,4,7,6,6,7,4,2,1,4,3,4,2,6,1,244
650,298,2,30,4,1,7,4,5,3,7,6,5,5,7,4,5,1,7,6,5,4,3,3,2,1,7,5,3,5,3,2,6,7,5,5,3,2,4,5,6,1,7,1,1,1,3,2,4,7,5,3,2,6,1,1,5,2,3,2,7,1,223
655,353,2,45,3,3,6,6,7,2,7,6,5,6,7,6,6,1,6,6,7,6,5,4,6,1,6,6,6,7,6,7,6,6,6,7,6,6,7,6,6,1,6,6,6,7,6,5,6,6,6,4,3,4,3,1,6,6,6,5,6,1,300
659,281,2,36,5,3,6,4,5,4,6,3,3,6,5,6,3,1,5,6,5,6,5,6,6,1,6,5,5,6,5,5,6,6,5,6,5,5,6,5,5,1,6,5,6,6,5,6,5,6,5,6,5,5,3,1,6,5,5,5,4,1,270
660,288,1,27,4,1,6,5,4,3,7,5,7,6,5,7,5,1,5,5,6,6,4,5,5,1,6,5,6,5,7,6,6,6,5,5,7,5,6,6,4,1,6,3,3,5,5,2,5,6,5,4,5,3,2,1,4,3,3,4,1,1,255
662,548,2,27,4,1,5,5,4,2,6,2,1,1,2,3,4,1,4,6,7,5,3,1,3,1,7,5,3,4,3,3,6,5,4,5,5,6,5,3,3,1,7,3,2,4,2,3,4,6,3,1,2,2,2,1,5,4,6,5,3,1,200
663,260,1,24,4,1,7,4,5,3,7,5,5,5,6,6,5,1,7,5,5,5,5,5,5,1,7,5,5,5,5,5,6,7,5,5,5,5,5,5,6,1,7,3,3,4,5,3,4,7,5,5,5,7,4,1,4,4,3,3,4,1,261
664,321,2,33,4,1,5,6,5,2,6,3,3,2,5,5,5,1,3,6,6,6,5,5,5,1,5,5,6,5,5,5,6,5,6,6,5,5,5,6,5,1,6,6,5,5,5,4,4,5,5,3,3,5,3,1,5,5,4,4,4,1,249
665,325,1,26,4,1,6,6,5,1,6,2,1,3,5,6,5,1,3,6,5,7,2,3,3,1,4,5,6,5,3,3,6,2,5,4,5,5,6,2,4,1,5,5,6,5,5,6,5,6,2,3,1,2,2,1,5,5,6,5,6,1,225
668,411,2,37,3,3,5,6,4,2,7,6,4,2,5,6,5,1,6,5,3,6,2,1,3,1,5,2,4,5,2,3,6,6,2,3,2,4,3,2,1,1,7,4,1,4,3,2,4,5,1,3,2,4,3,1,5,4,5,7,5,1,202
669,302,2,29,3,1,7,5,5,3,7,6,6,5,4,5,5,1,6,7,6,5,3,4,4,1,7,4,5,6,4,3,6,5,4,5,5,6,5,4,4,1,7,4,3,4,4,2,4,7,5,3,3,4,2,1,6,4,5,5,2,1,245
671,321,1,30,4,1,5,3,4,3,5,2,1,1,5,5,6,1,4,3,2,3,6,7,6,1,6,5,7,6,4,4,6,6,4,3,2,1,5,4,3,1,5,3,1,4,4,1,4,7,5,2,4,4,3,1,4,4,4,5,1,1,207
672,845,2,29,4,1,3,6,5,2,3,3,1,2,4,4,5,1,3,6,7,6,2,1,2,1,3,5,6,5,6,5,6,3,5,5,6,7,6,4,4,1,3,3,2,4,4,4,5,3,6,2,1,1,1,1,6,5,6,6,5,1,213
673,454,2,28,4,1,6,5,5,1,6,3,5,5,2,6,4,1,7,6,5,5,6,2,3,1,6,5,6,5,3,5,6,7,6,5,6,5,5,4,5,1,6,5,6,5,4,5,5,7,6,2,2,1,2,1,6,5,5,3,1,1,242
674,341,1,58,3,3,6,5,5,3,6,5,5,6,4,4,6,1,5,6,5,5,4,2,3,1,7,5,4,5,4,5,6,6,5,5,5,6,5,5,6,1,7,4,3,4,5,3,4,6,4,3,2,3,2,1,5,5,6,4,3,1,242
675,288,2,23,4,1,5,4,4,3,5,7,6,5,2,1,2,1,5,2,1,2,6,7,5,1,7,1,5,7,3,5,6,6,3,2,6,5,4,3,2,1,6,1,2,1,1,2,3,5,6,4,2,6,7,1,2,1,2,2,1,1,196
678,1015,1,36,4,1,4,5,5,3,4,2,1,2,4,3,4,1,3,5,6,7,2,1,2,1,4,2,4,5,3,4,6,4,4,5,3,4,5,4,2,1,4,6,5,6,5,4,5,4,2,1,1,2,3,1,5,6,6,5,4,1,201
681,680,1,28,4,1,6,5,7,3,7,6,5,5,6,6,5,1,5,6,6,5,4,5,6,1,7,6,5,6,5,3,6,7,6,6,5,6,5,5,6,1,6,5,6,6,7,5,5,6,5,6,6,5,2,1,6,4,5,1,3,1,276
683,414,2,26,4,1,5,6,6,2,5,5,5,4,3,4,4,1,5,6,6,4,4,4,5,1,5,6,6,6,4,3,6,5,4,5,5,5,5,4,4,1,5,2,2,2,3,2,1,5,6,4,3,5,6,1,4,3,4,2,2,1,222
684,324,1,48,4,3,5,3,3,5,5,3,3,2,5,6,5,1,5,4,5,5,4,5,5,1,6,5,4,5,5,5,6,5,6,5,6,5,5,5,5,1,5,5,4,5,4,4,5,2,4,3,5,4,3,1,5,5,5,5,4,1,238
685,450,1,31,4,3,6,5,4,4,6,3,3,2,5,6,7,1,6,5,6,5,3,3,3,1,6,3,4,4,3,2,6,6,3,3,4,5,4,4,3,1,6,4,4,4,4,4,4,6,5,3,2,3,3,1,5,5,6,7,3,1,225
686,582,2,31,4,1,6,4,5,2,6,2,2,1,5,4,6,1,6,5,6,7,4,3,6,1,7,5,6,6,4,2,6,7,5,4,4,4,6,4,4,1,7,4,4,4,5,4,5,6,5,4,4,4,3,1,6,5,6,6,5,1,246
687,326,1,30,4,1,4,6,6,2,5,5,5,5,6,6,6,1,5,4,5,5,5,6,5,1,5,5,4,3,5,4,6,5,5,4,5,4,6,4,4,1,5,4,3,4,4,3,5,4,5,4,5,5,2,1,5,6,5,5,3,1,242
688,479,2,32,3,1,1,4,5,4,1,6,6,6,5,5,3,1,1,5,5,4,5,5,5,1,1,2,2,5,5,5,6,1,5,5,5,6,5,5,4,1,1,4,3,3,4,3,4,1,4,3,3,4,3,1,2,2,2,3,2,1,194
689,418,2,34,4,1,6,6,6,2,6,2,2,2,2,2,6,1,6,6,6,6,2,2,2,1,6,6,6,6,2,2,6,5,6,6,6,6,6,6,6,1,7,3,2,2,2,2,4,6,6,2,2,6,4,1,6,4,4,6,4,1,230
690,296,2,37,3,3,6,7,5,2,7,4,2,3,6,5,5,1,5,7,6,6,4,5,7,1,7,5,4,6,5,7,6,5,7,5,4,5,6,5,4,1,6,4,5,5,6,4,5,4,4,2,4,6,4,1,5,4,6,6,3,1,261
691,402,2,28,4,1,5,5,4,3,5,3,3,3,2,2,2,1,5,4,4,5,3,3,3,1,4,3,4,4,4,3,6,4,4,4,5,4,5,3,2,1,5,2,2,3,2,1,4,5,2,1,1,2,3,1,5,5,6,5,5,1,187
693,341,1,42,4,3,6,6,5,2,6,3,2,4,5,6,5,1,5,6,6,6,5,3,3,1,6,4,5,3,4,4,6,6,5,6,6,5,6,5,4,1,7,6,6,5,6,6,4,6,2,1,1,2,2,1,6,5,6,6,6,1,247
698,521,2,25,4,1,7,7,7,4,7,4,3,4,6,2,1,1,3,2,4,2,5,2,3,1,4,3,5,2,6,2,6,2,3,2,3,2,2,2,4,1,3,3,2,2,3,3,7,2,2,3,3,3,1,1,4,5,4,4,3,1,183
699,669,1,30,4,1,6,5,6,3,5,6,5,4,3,2,2,1,4,6,5,4,7,5,4,1,4,6,5,4,5,6,6,7,6,5,4,5,4,5,6,1,6,5,4,5,4,3,3,6,5,4,5,4,5,1,4,3,3,4,2,1,240
700,526,2,33,4,3,7,6,5,4,7,6,5,4,7,6,5,1,7,6,5,4,7,6,5,1,7,6,5,4,7,6,6,7,6,5,4,7,6,5,4,1,7,6,5,4,4,6,4,7,6,5,4,3,4,1,7,6,5,4,5,1,284
701,706,1,19,4,1,6,6,5,2,6,2,2,2,5,5,6,1,6,6,6,6,2,2,2,1,6,4,6,6,3,2,6,6,3,6,7,7,6,2,5,1,7,5,5,4,2,3,5,7,1,1,1,2,1,1,6,5,7,6,5,1,230
707,268,2,23,3,1,5,6,6,2,6,6,5,5,4,3,3,1,6,6,5,5,6,6,5,1,6,6,6,6,5,5,6,5,5,5,6,6,6,5,5,1,6,5,5,5,4,3,4,6,5,5,5,5,2,1,5,5,5,5,5,1,263
710,883,2,22,4,1,5,7,6,2,6,4,5,6,4,6,4,1,5,6,4,6,6,5,6,1,6,5,6,5,6,7,6,4,5,6,6,5,6,4,4,1,4,2,3,4,5,1,4,6,7,5,4,7,3,1,1,1,2,2,3,1,243
715,293,1,33,4,1,6,5,6,4,6,6,6,5,5,6,5,1,7,6,6,6,6,6,7,1,6,6,6,6,7,6,6,7,6,6,6,6,7,6,6,1,6,7,6,6,6,7,5,6,6,6,7,6,2,1,6,7,6,6,6,1,309
720,397,2,39,3,3,6,5,7,2,7,3,1,2,6,7,5,1,5,7,5,6,2,3,2,1,5,2,3,6,5,3,6,7,5,6,7,5,6,3,6,1,6,4,3,6,5,3,6,6,5,2,1,3,2,1,6,4,6,5,2,1,236
722,348,2,19,4,1,5,6,5,2,6,2,1,1,5,4,6,1,6,5,7,4,3,4,5,1,5,6,5,7,5,5,6,6,5,5,6,7,5,5,6,1,7,4,2,5,4,4,6,7,3,2,1,2,1,1,4,5,6,4,3,1,236
723,276,1,27,3,1,7,5,6,3,7,6,7,6,5,5,5,1,6,4,7,5,4,3,4,1,4,3,2,4,3,2,6,6,1,2,4,5,3,1,3,1,4,1,1,1,2,2,5,5,3,1,1,2,2,1,2,3,4,2,1,1,191
726,573,2,30,4,3,5,6,7,2,6,2,1,2,5,6,5,1,7,6,7,6,2,2,3,1,6,4,4,5,6,5,6,7,4,5,4,5,6,4,5,1,7,4,5,6,7,6,7,6,3,1,2,3,1,1,5,5,5,5,3,1,242
727,259,2,31,4,1,6,5,5,3,6,4,4,4,4,4,5,1,6,4,5,5,4,5,5,1,6,5,5,5,5,5,6,6,5,5,5,5,5,6,6,1,6,4,4,4,4,4,4,6,5,5,5,5,5,1,2,2,2,2,2,1,240
728,321,1,36,4,3,4,6,5,2,3,5,5,6,3,5,3,1,3,6,4,4,3,5,5,1,3,5,6,5,5,4,6,2,5,5,3,4,5,4,3,1,3,3,2,4,3,2,3,3,4,2,3,5,4,1,3,4,5,5,3,1,208
730,252,1,30,4,1,6,4,4,4,6,6,6,6,7,7,7,1,5,5,5,5,3,3,3,1,6,6,5,5,6,4,6,5,5,6,5,5,5,4,4,1,6,4,4,5,4,4,5,5,5,4,4,4,2,1,5,5,5,6,2,1,253
731,334,2,18,4,1,6,4,5,3,6,5,3,3,4,2,5,1,1,7,7,6,4,3,6,1,1,5,2,6,1,5,6,7,2,6,2,2,7,4,6,1,7,5,4,6,6,1,5,6,5,4,2,1,1,1,3,2,3,1,1,1,210
734,316,1,33,4,1,5,2,3,6,7,2,4,2,7,6,7,1,3,3,6,2,2,3,6,1,5,2,1,2,3,2,6,6,2,3,1,2,3,3,4,1,7,2,1,2,5,4,2,5,7,7,6,7,5,1,2,3,4,2,1,1,198
735,250,2,27,4,1,1,4,5,3,2,4,3,5,6,3,5,1,2,4,6,3,5,4,6,1,2,5,4,4,5,6,6,1,5,4,3,6,5,3,5,1,2,3,5,4,6,2,4,2,4,3,5,6,2,1,4,5,6,4,3,1,210
737,531,1,30,4,1,5,5,4,2,5,3,2,1,3,3,4,1,5,6,6,7,2,1,2,1,5,4,4,5,4,3,6,6,3,2,1,2,1,3,2,1,5,3,2,4,2,1,4,5,2,1,2,1,4,1,4,5,5,4,3,1,179
738,282,2,26,4,1,7,6,5,2,7,2,1,3,4,4,5,1,7,5,6,5,2,2,3,1,7,3,4,2,2,3,6,6,3,2,3,4,3,4,3,1,7,5,4,5,4,5,6,7,3,4,3,2,1,1,6,5,6,5,5,1,219
740,473,2,30,4,1,5,6,6,2,5,7,6,7,6,7,6,1,5,6,6,6,2,2,6,1,5,5,6,7,6,5,6,5,6,6,7,7,6,5,6,1,5,5,5,6,5,5,5,5,6,2,1,2,2,1,6,5,6,6,5,1,271
741,430,2,35,4,1,6,5,6,3,7,3,2,3,3,2,2,1,5,6,5,6,5,6,7,1,7,4,5,5,4,4,6,7,5,5,4,5,4,5,5,1,7,4,5,5,4,5,4,7,3,2,3,1,2,1,5,4,5,5,4,1,237
742,253,1,29,4,1,7,6,5,2,6,2,2,1,2,1,3,1,6,6,7,6,3,2,3,1,6,2,3,2,3,1,6,6,2,5,6,5,6,3,2,1,7,3,2,4,3,3,4,7,2,1,2,2,2,1,5,5,6,5,5,1,201
743,321,1,33,4,1,5,5,4,2,6,5,5,4,2,4,3,1,5,7,5,6,7,3,5,1,6,4,5,3,5,2,6,4,5,3,5,6,7,5,4,1,7,4,3,5,3,2,5,4,5,2,1,2,2,1,5,6,5,6,4,1,229
748,422,2,31,4,1,6,6,5,2,6,3,2,2,3,3,2,1,7,6,7,5,5,4,4,1,5,5,6,5,6,5,6,7,5,6,5,6,5,6,7,1,6,4,4,5,4,4,5,6,4,3,3,3,1,1,6,5,6,5,5,1,247
749,327,2,36,4,1,6,6,6,1,6,3,2,4,6,7,6,1,4,6,7,6,5,3,3,1,7,5,6,6,7,6,6,6,5,6,5,6,6,6,4,1,6,5,4,5,4,5,5,6,3,2,4,3,2,1,6,5,5,6,5,1,260
752,583,2,27,2,1,6,5,4,3,7,2,3,5,6,6,4,1,4,7,6,5,3,2,4,1,7,4,2,6,6,3,6,6,4,3,6,6,7,5,2,1,6,2,1,4,4,3,3,7,6,2,1,3,6,1,5,4,5,6,1,1,229
753,346,2,32,5,1,5,4,5,4,5,4,5,3,4,5,2,1,5,6,5,4,5,4,6,1,4,6,5,5,6,6,6,5,6,7,6,5,4,5,6,1,5,7,5,6,4,6,5,5,6,5,4,2,2,1,5,6,7,6,5,1,259
754,460,2,40,4,3,6,6,5,2,6,2,2,2,5,5,5,1,6,6,7,6,4,4,5,1,7,2,3,3,3,2,6,6,2,2,2,1,2,1,1,1,6,3,3,4,3,3,4,6,2,1,1,2,1,1,6,6,6,7,6,1,202
755,314,2,32,4,3,6,7,5,3,6,5,5,4,6,6,5,1,4,7,6,7,3,4,4,1,6,5,5,6,5,4,6,5,5,6,6,7,7,5,6,1,6,4,4,5,4,4,4,7,5,3,4,4,3,1,4,3,3,7,6,1,262
756,434,2,30,5,1,6,5,4,2,6,5,5,5,7,7,6,1,6,7,6,7,2,3,3,1,6,3,5,6,4,3,6,6,5,6,6,7,6,3,3,1,6,3,2,4,4,3,1,6,5,3,2,1,5,1,4,4,4,5,1,1,235
761,355,2,27,4,1,5,6,5,3,6,4,3,3,5,6,5,1,4,6,7,6,3,4,4,1,7,5,6,6,4,5,6,6,5,4,6,7,6,4,4,1,6,2,2,5,6,5,4,6,5,2,4,3,3,1,3,4,4,2,2,1,239
762,705,1,41,2,1,6,7,7,2,7,1,2,2,5,6,7,1,6,6,7,6,5,1,6,1,7,6,5,7,6,6,6,6,7,6,5,6,6,7,5,1,7,6,7,6,6,5,7,7,2,1,2,3,1,1,7,6,7,6,5,1,276
764,313,2,22,4,1,4,6,5,2,4,3,5,3,5,5,5,1,3,5,6,7,4,5,5,1,5,3,3,5,3,3,6,5,5,4,5,6,6,4,5,1,5,3,3,4,5,4,4,5,5,5,5,5,2,1,3,3,4,3,4,1,227
765,459,2,33,4,1,7,6,6,2,6,5,6,5,5,7,7,1,6,6,7,7,5,6,5,1,7,4,6,7,6,4,6,5,6,6,7,6,6,7,7,1,7,5,6,6,7,3,6,7,6,3,2,3,2,1,6,5,6,5,5,1,289
769,527,2,30,4,1,6,6,6,1,6,6,6,6,6,6,5,1,7,6,6,5,6,5,6,1,7,6,5,6,6,6,6,6,6,5,6,5,6,5,6,1,6,2,2,5,2,2,1,6,2,2,6,5,5,1,3,4,6,4,1,1,257
771,630,2,32,4,1,5,4,6,2,6,5,6,5,3,4,2,1,6,5,6,7,5,1,5,1,6,5,5,6,4,2,6,6,6,6,5,7,6,6,6,1,6,2,1,1,1,1,4,6,6,1,1,5,7,1,5,2,4,4,6,1,233
773,869,2,30,4,1,2,6,6,1,2,4,3,3,4,2,3,1,2,3,6,7,3,2,1,1,2,2,4,4,2,1,6,2,3,4,3,3,3,2,2,1,2,4,3,4,3,2,4,2,2,1,2,2,1,1,6,5,6,6,7,1,170
775,544,1,28,4,1,6,7,6,2,6,3,2,1,3,3,4,1,5,5,6,5,3,5,4,1,6,6,5,6,4,5,6,6,4,5,6,5,6,4,5,1,6,4,5,6,5,3,4,6,5,3,4,4,2,1,5,5,6,5,4,1,242
782,386,1,30,4,1,6,7,5,1,7,2,2,6,2,1,2,1,7,6,7,5,5,6,7,1,7,1,4,3,2,2,6,7,2,1,2,2,1,2,2,1,7,7,1,6,2,3,5,7,2,1,1,2,1,1,5,4,4,3,4,1,198
784,323,1,35,4,1,5,6,5,2,6,2,2,3,5,5,4,1,5,2,3,2,4,3,4,1,4,3,5,4,5,3,6,3,3,5,4,5,6,4,5,1,6,4,4,5,3,3,5,5,3,3,4,5,3,1,4,5,5,3,3,1,211
786,363,1,26,4,1,6,2,4,2,5,5,2,3,4,7,6,1,4,6,7,6,5,2,4,1,7,4,6,5,4,2,6,6,2,4,3,4,5,3,2,1,6,4,4,5,3,2,4,5,5,2,1,2,4,1,5,6,5,6,4,1,221
788,311,1,31,4,1,5,4,5,1,5,5,6,5,6,5,6,1,6,5,6,5,7,7,6,1,6,4,5,6,7,6,6,6,2,3,4,4,6,6,5,1,7,1,1,3,2,2,5,6,5,4,1,3,2,1,4,3,5,2,6,1,238
790,367,1,31,4,1,5,6,5,2,5,5,5,6,6,6,6,1,5,5,6,5,3,3,3,1,5,5,5,5,5,4,6,5,5,5,6,5,5,3,3,1,5,3,3,3,3,1,3,5,3,3,3,3,5,1,4,3,3,3,2,1,222
792,291,1,49,4,1,6,6,6,1,6,3,3,3,4,5,5,1,6,6,6,6,2,2,1,1,6,6,5,5,6,4,6,6,4,6,5,5,6,2,4,1,6,5,4,4,4,4,5,6,4,2,1,2,1,1,6,5,6,6,6,1,235
793,282,1,26,4,1,7,2,3,6,7,3,3,4,5,6,6,1,4,2,3,2,6,5,5,1,4,5,3,3,4,4,6,7,5,4,3,4,3,4,5,1,7,3,4,3,4,2,4,7,5,2,5,3,3,1,5,4,4,5,2,1,220
794,281,1,38,3,1,7,4,3,4,7,6,5,5,3,6,7,1,5,4,5,6,7,3,4,1,6,5,6,7,2,3,6,5,3,5,6,7,6,3,3,1,7,3,2,3,1,2,3,6,5,4,5,6,6,1,3,2,2,1,3,1,233
795,437,1,28,4,1,6,5,6,2,5,3,4,3,4,3,5,1,5,3,3,5,3,5,4,1,7,2,6,3,3,4,6,7,5,4,6,3,2,2,1,1,6,5,3,2,5,3,6,7,5,3,1,3,4,1,4,5,6,7,3,1,218
797,503,1,32,4,1,6,6,7,2,7,5,6,5,4,4,3,1,5,5,4,4,2,3,6,1,6,4,5,6,5,4,6,4,6,5,7,5,7,5,5,1,7,3,2,3,5,4,3,7,6,7,4,6,7,1,2,4,3,3,1,1,246
799,269,1,35,4,1,7,6,7,1,7,2,1,2,2,1,2,1,7,6,7,6,7,6,6,1,7,6,7,6,7,6,6,7,6,7,6,5,6,6,7,1,7,6,7,6,7,6,7,7,2,1,2,2,1,1,7,6,7,6,7,1,277
801,350,1,30,4,1,7,5,6,3,7,5,6,6,7,7,6,1,5,7,6,6,3,3,5,1,7,5,6,6,7,5,6,6,5,6,3,3,6,5,5,1,7,5,6,6,7,6,6,7,3,2,4,3,3,1,5,6,5,4,3,1,274
804,381,1,39,4,1,7,6,5,2,7,5,6,5,6,6,5,1,6,6,5,6,6,5,6,1,7,6,5,6,5,5,6,7,6,5,6,5,7,6,6,1,7,6,5,6,5,5,5,7,3,2,3,2,2,1,6,5,6,5,4,1,277
807,302,1,30,4,1,6,7,4,6,6,7,4,6,7,5,4,1,6,7,4,7,4,4,5,1,5,7,4,6,2,6,6,6,7,4,6,3,6,2,4,1,4,7,4,5,2,6,1,5,7,3,2,5,7,1,7,4,6,3,6,1,262
808,270,1,30,4,1,6,7,5,2,6,4,5,5,4,4,5,1,5,6,5,6,2,3,4,1,5,4,3,6,3,2,6,5,3,4,5,4,6,4,5,1,6,4,2,4,4,5,4,6,5,3,3,4,2,1,2,3,4,2,1,1,218
809,365,1,20,4,1,6,6,4,2,6,3,3,3,5,5,5,1,2,5,5,4,4,5,3,1,4,2,2,5,6,3,6,5,4,4,7,7,7,5,6,1,5,3,1,4,6,5,4,5,5,6,3,7,4,1,3,4,4,5,1,1,229
812,401,1,32,4,1,6,6,4,1,6,4,5,5,4,5,5,1,6,7,6,5,2,2,4,1,7,4,1,1,2,1,6,6,2,3,4,5,5,1,1,1,7,4,4,4,3,4,4,7,3,1,1,4,1,1,5,4,4,3,2,1,202
814,267,1,26,4,1,5,6,5,2,7,5,3,2,3,4,6,1,7,5,6,7,5,6,4,1,5,7,4,6,5,3,6,6,3,5,4,6,5,3,6,1,7,3,2,3,4,2,5,5,3,2,4,2,3,1,5,5,6,6,4,1,238
816,386,1,32,4,1,5,6,4,2,6,5,5,2,3,6,7,1,7,6,5,2,3,1,2,1,4,5,3,1,3,1,6,2,3,4,5,2,5,6,3,1,5,2,4,3,7,6,7,5,3,2,7,1,1,1,5,2,3,4,1,1,203
817,409,1,35,4,1,7,7,5,1,7,1,2,1,2,4,5,1,6,7,5,6,1,3,6,1,4,4,3,5,5,1,6,6,5,6,6,5,6,2,3,1,6,4,4,5,6,3,5,5,4,3,1,2,1,1,5,6,6,3,4,1,221
818,431,1,34,4,1,5,6,5,2,5,4,4,4,3,5,5,1,4,4,5,4,5,3,4,1,5,5,6,6,5,4,6,5,6,6,5,6,6,5,6,1,5,6,6,4,5,4,5,5,6,4,5,6,2,1,5,5,4,4,2,1,247
819,314,1,30,4,1,7,5,5,2,7,4,4,3,5,6,7,1,5,7,6,7,5,6,6,1,7,7,7,5,5,4,6,7,4,5,4,6,7,7,6,1,7,5,4,4,5,3,4,7,1,1,2,3,1,1,6,7,7,6,3,1,265
820,376,1,32,4,3,7,7,4,1,7,2,1,2,5,6,5,1,7,6,7,4,2,3,2,1,7,7,1,5,2,3,6,7,3,5,6,5,4,2,3,1,7,2,1,5,6,3,4,7,3,1,1,3,1,1,7,5,6,5,1,1,217
823,418,1,42,4,3,7,5,5,2,7,4,4,4,3,3,4,1,5,5,4,4,3,3,3,1,5,3,2,4,3,3,6,5,2,3,2,2,5,3,3,1,7,3,4,4,5,3,4,7,3,2,2,2,2,1,4,4,4,4,2,1,197
824,351,1,26,4,1,5,4,5,4,5,4,4,5,4,4,4,1,4,6,5,5,6,7,5,1,5,4,5,4,4,3,6,5,4,5,5,5,4,4,5,1,5,4,3,4,4,3,4,5,4,3,3,4,3,1,5,4,5,5,4,1,231
825,286,1,36,5,3,3,6,4,1,7,1,2,4,1,2,4,1,5,5,6,4,3,2,6,1,7,1,3,1,5,2,6,7,1,2,4,4,5,2,1,1,7,4,1,5,1,1,6,7,1,2,1,3,1,1,7,7,7,5,6,1,194
827,318,1,20,3,1,5,7,6,1,7,4,2,3,2,1,2,1,7,6,7,6,6,2,3,1,7,2,4,5,2,1,6,7,4,3,2,1,2,1,1,1,7,1,2,1,2,1,1,7,4,1,1,1,4,1,5,4,6,4,3,1,185
829,283,1,26,4,1,6,7,7,2,7,6,7,6,2,1,2,1,6,7,6,6,6,5,6,1,7,5,7,6,7,6,6,5,6,6,7,6,6,5,7,1,7,2,1,4,2,1,4,6,3,1,2,1,2,1,5,4,6,4,2,1,249
831,332,1,36,4,1,6,5,6,3,6,3,3,2,4,5,3,1,6,5,4,5,6,5,4,1,6,4,3,4,5,6,6,6,5,4,6,4,5,4,6,1,6,3,4,3,2,3,4,6,2,3,2,3,5,1,5,4,5,4,3,1,227
833,337,1,40,4,1,5,3,4,4,5,3,3,2,6,6,5,1,4,3,3,3,5,6,6,1,5,2,4,5,3,4,6,5,5,7,4,5,5,6,5,1,5,3,3,3,6,4,3,5,6,3,3,7,5,1,2,4,3,4,2,1,223
835,419,1,32,4,1,7,6,6,2,7,5,6,5,6,5,7,1,6,7,6,7,7,2,6,1,7,6,5,5,6,6,6,7,6,5,6,6,6,5,5,1,7,6,5,7,6,6,7,7,6,6,6,7,1,1,7,6,6,6,7,1,304
837,384,1,33,4,1,7,7,6,2,7,5,4,5,6,5,6,1,7,6,7,6,2,1,5,1,7,6,7,7,6,7,6,7,7,6,6,7,6,5,6,1,7,6,5,5,5,5,6,7,3,1,1,2,1,1,5,5,6,6,5,1,276
839,978,1,33,4,1,1,3,4,2,2,1,3,3,4,5,6,1,2,5,6,6,3,2,4,1,4,5,5,6,7,6,6,3,5,6,6,4,5,5,3,1,2,4,4,5,5,4,6,3,4,3,2,1,2,1,5,6,6,5,3,1,213
841,1043,1,36,4,3,4,7,6,2,7,5,7,6,2,4,2,1,7,6,7,5,3,6,5,1,7,3,7,5,2,4,6,7,3,6,7,5,5,6,6,1,7,1,2,2,7,1,1,7,5,7,1,6,7,1,2,4,3,1,1,1,240
843,750,1,25,4,1,5,6,7,2,5,6,7,6,6,5,6,1,6,5,6,5,5,6,5,1,6,5,6,5,6,7,6,6,5,5,6,6,5,5,6,1,6,4,5,5,6,5,5,6,5,5,4,5,2,1,5,6,6,5,4,1,278
851,253,1,28,4,2,6,4,3,6,4,3,5,3,5,4,3,1,3,5,3,6,4,2,5,1,3,5,4,2,6,4,6,4,2,5,3,2,5,3,3,1,3,5,3,6,4,3,6,4,2,5,4,2,2,1,5,3,6,3,4,1,206
852,260,1,35,4,2,6,4,4,1,7,6,4,5,5,6,6,1,7,5,6,5,6,5,7,1,7,4,3,4,6,4,6,7,5,4,6,5,7,3,5,1,7,4,4,5,6,5,6,7,5,4,3,5,2,1,6,6,7,4,1,1,263
854,265,1,37,4,2,6,7,6,2,6,5,2,5,6,2,4,1,7,7,6,5,4,4,6,1,6,7,6,6,7,6,6,7,6,5,5,6,6,7,6,1,6,5,5,6,7,5,6,7,2,1,1,2,2,1,5,6,5,7,5,1,270
855,326,1,34,4,2,4,6,4,2,6,3,2,2,2,3,3,1,5,5,6,6,5,6,6,1,6,3,3,4,3,3,6,6,5,5,4,4,3,4,3,1,5,3,2,3,7,5,4,5,4,3,2,3,1,1,5,4,5,5,3,1,212
856,392,1,34,4,2,4,5,5,2,4,3,2,3,5,5,6,1,4,5,5,5,4,3,3,1,4,5,5,6,5,5,6,4,5,5,5,6,5,5,5,1,4,5,5,5,6,5,5,4,3,2,2,2,2,1,5,5,5,6,5,1,230
857,313,1,32,5,3,6,3,4,6,6,5,5,5,6,7,6,1,6,4,4,3,5,5,5,1,6,4,6,5,4,5,6,6,5,4,3,4,5,4,3,1,6,5,5,5,7,4,4,6,4,5,3,6,2,1,3,4,3,2,2,1,242
858,364,1,26,4,1,7,6,6,2,7,2,2,6,2,2,2,1,7,2,6,2,6,6,6,1,7,6,6,7,5,6,6,7,6,7,7,6,7,7,6,1,7,2,2,1,6,6,2,7,7,6,6,7,6,1,2,2,6,2,1,1,258
859,512,1,32,4,2,6,7,6,1,6,7,6,7,1,2,1,1,7,6,7,6,1,2,1,1,6,7,6,7,6,7,6,6,7,6,5,6,7,6,7,1,6,7,4,5,4,3,5,6,1,2,2,1,1,1,6,7,5,6,5,1,256
860,315,1,28,4,1,6,6,5,3,7,5,7,5,4,5,7,1,7,5,7,5,4,6,7,1,7,6,7,5,6,5,6,6,4,5,7,6,7,5,4,1,6,5,3,5,4,3,5,6,5,7,4,5,3,1,5,6,7,6,5,1,282
862,277,1,30,4,1,7,2,2,5,6,3,2,3,2,3,2,1,7,4,4,3,4,5,3,1,6,4,3,5,6,4,6,6,5,3,4,5,5,3,4,1,7,4,5,3,3,4,1,7,5,2,4,3,7,1,3,3,4,5,3,1,214
864,357,1,31,4,1,6,6,5,1,6,5,7,5,4,6,5,1,7,6,7,5,4,6,5,1,7,5,7,6,7,5,6,7,5,7,5,6,7,5,7,1,7,3,1,3,5,4,3,7,5,4,2,5,5,1,5,4,5,6,3,1,270
865,432,1,26,4,1,7,5,4,4,6,4,3,3,3,2,3,1,4,5,5,4,3,3,5,1,3,4,5,4,3,3,6,5,3,3,4,4,5,3,3,1,6,3,3,4,3,3,5,5,4,3,3,3,1,1,4,4,5,3,5,1,203
866,453,1,30,4,2,4,5,5,3,5,5,5,5,4,3,4,1,5,5,5,5,4,4,3,1,5,4,5,4,4,4,6,5,3,4,5,5,5,4,3,1,5,3,3,3,3,3,3,5,5,4,2,2,4,1,4,4,4,5,3,1,215
867,625,1,29,4,2,7,7,6,1,7,3,2,3,3,6,5,1,7,5,7,6,2,3,2,1,7,6,5,6,7,2,6,7,5,6,4,6,6,2,3,1,7,6,7,6,5,6,6,7,3,2,1,3,1,1,7,5,7,6,3,1,253
869,579,1,30,4,2,5,5,5,3,5,5,5,4,4,3,4,1,5,5,5,5,4,3,4,1,5,4,5,4,3,3,6,5,4,5,5,4,5,3,4,1,5,3,3,3,3,2,3,5,4,3,2,4,4,1,4,3,3,5,3,1,211
871,383,1,31,4,2,6,6,5,2,6,4,4,3,5,5,6,1,5,5,5,6,5,3,4,1,5,4,5,6,5,6,6,5,6,5,6,5,6,5,6,1,5,6,6,5,6,5,5,6,3,3,2,2,1,1,5,6,7,6,5,1,255
872,758,1,31,4,2,6,6,5,2,6,6,5,7,2,4,3,1,6,5,6,5,6,5,6,1,6,5,6,5,7,4,6,6,7,4,6,5,6,4,6,1,6,2,3,2,3,2,2,6,4,3,4,3,4,1,5,6,4,5,3,1,246
874,1080,1,35,4,2,5,5,5,2,6,2,3,3,4,3,5,1,5,6,5,5,6,2,2,1,6,3,4,5,4,2,6,6,3,3,4,5,5,4,4,1,6,4,3,4,3,2,4,5,2,1,1,2,2,1,5,4,4,4,4,1,203
880,278,2,31,4,2,4,6,7,2,4,2,3,2,5,3,5,1,4,5,6,5,2,1,1,1,4,5,6,5,7,6,6,4,5,6,5,7,6,5,6,1,4,6,5,6,5,6,5,4,2,1,2,1,2,1,5,6,7,6,5,1,233
881,290,2,21,4,1,6,6,5,2,6,2,3,3,6,5,5,1,6,3,5,4,6,7,5,1,6,2,2,6,2,4,6,6,4,2,3,6,6,4,3,1,6,3,2,5,4,3,5,6,2,1,1,4,2,1,5,5,6,2,2,1,216
885,330,2,25,4,1,6,6,5,2,6,6,7,6,5,7,5,1,5,6,5,6,4,6,6,1,7,6,5,5,5,6,6,6,5,6,5,5,6,6,5,1,7,4,5,4,5,2,6,6,3,2,1,2,2,1,5,5,6,5,3,1,261
889,346,2,28,4,2,5,6,6,2,5,3,2,1,6,7,6,1,5,6,7,7,2,4,3,1,5,3,4,6,2,1,6,5,4,5,6,7,6,4,5,1,5,3,2,4,6,4,4,5,6,5,3,4,6,1,4,4,4,3,1,1,230
890,361,1,30,4,2,6,5,4,2,5,4,3,4,2,5,5,1,6,7,5,7,3,3,4,1,6,3,5,5,4,3,6,5,5,4,6,7,5,3,2,1,5,4,5,6,7,5,6,5,4,3,2,4,2,1,5,6,7,5,5,1,240
891,316,2,32,4,2,5,6,6,2,5,2,1,2,5,6,5,1,6,7,6,5,6,5,6,1,5,6,7,6,5,6,6,5,6,7,5,6,7,6,5,1,5,6,5,6,5,6,7,5,1,2,1,2,1,1,5,6,7,6,5,1,260
892,317,1,33,4,2,6,5,6,2,6,2,3,2,2,1,3,1,6,5,7,6,6,5,6,1,6,5,6,6,5,5,6,5,6,6,5,3,5,4,5,1,7,3,2,2,3,2,3,6,3,2,2,1,5,1,3,3,2,3,2,1,216
895,279,2,43,4,2,4,5,7,2,6,5,6,7,4,6,5,1,5,5,4,6,6,7,7,1,5,3,4,5,5,6,6,5,7,6,6,7,5,6,4,1,5,4,3,2,4,2,4,5,6,5,4,7,5,1,2,2,1,2,1,1,246
898,291,2,32,4,2,7,6,7,2,7,2,4,3,2,3,2,1,7,7,6,7,5,7,6,1,7,5,7,5,7,6,6,7,6,6,7,6,7,3,7,1,7,6,5,6,6,7,4,7,6,6,7,5,2,1,6,6,7,6,7,1,293
899,425,2,25,4,2,6,4,3,4,6,7,5,7,6,6,6,1,7,2,3,7,6,2,1,1,6,1,6,7,4,6,6,6,1,3,7,7,4,1,3,1,6,1,1,6,6,1,3,6,1,5,1,6,6,1,6,7,3,6,1,1,233
903,497,1,36,4,2,6,5,4,2,6,6,4,5,7,1,4,1,6,5,4,3,5,7,5,1,4,2,5,4,2,3,6,3,5,2,1,3,5,2,4,1,1,1,2,1,4,1,2,4,5,2,2,4,5,1,5,4,4,7,1,1,196
905,541,2,32,4,2,5,6,6,2,5,1,2,1,5,6,7,1,5,6,7,5,1,2,1,1,5,6,7,6,5,6,6,5,6,7,5,6,7,5,6,1,5,6,5,7,6,5,7,5,1,2,1,2,1,1,6,7,7,6,5,1,250
907,389,1,36,4,2,5,4,3,4,5,5,6,4,5,4,3,1,5,6,6,4,4,3,2,1,6,3,5,5,5,3,6,6,5,3,6,6,5,4,3,1,6,4,3,4,2,2,4,6,5,3,4,4,3,1,4,5,5,4,2,1,224
909,275,1,32,4,2,6,5,5,3,5,3,4,5,4,6,4,1,5,4,5,4,5,5,4,1,5,4,5,5,5,6,6,5,5,4,5,4,6,5,5,1,5,4,4,5,6,5,4,5,4,5,5,4,6,1,5,4,5,5,3,1,246
910,338,1,28,4,1,6,5,4,2,7,1,2,1,7,6,5,1,6,7,6,4,2,1,4,1,7,1,4,6,3,1,6,7,3,2,6,5,7,3,1,1,7,4,2,5,6,3,5,7,3,3,1,6,1,1,4,2,5,3,2,1,212
911,355,2,34,4,2,6,6,4,5,6,5,4,6,4,5,4,1,5,4,6,7,5,4,5,1,6,4,5,6,4,6,6,6,4,6,4,5,6,4,5,1,6,5,6,4,6,5,4,6,4,6,6,5,5,1,5,4,5,5,4,1,264
912,550,2,38,4,2,7,6,6,2,7,2,1,1,5,5,6,1,7,7,6,6,1,1,1,1,7,6,6,7,5,6,6,7,5,7,7,7,6,5,5,1,7,4,4,4,3,1,4,7,1,1,1,1,2,1,6,7,7,7,6,1,247
915,300,2,36,4,2,7,7,4,2,7,2,2,1,3,4,4,1,6,5,6,4,2,1,2,1,7,3,4,1,2,4,6,7,1,3,6,7,6,1,2,1,7,2,1,3,4,4,5,7,3,2,1,1,1,1,6,5,6,4,3,1,199
917,341,2,28,4,1,4,7,7,2,4,7,7,7,5,6,4,1,4,5,6,6,4,5,5,1,4,6,7,7,5,7,6,4,6,7,7,5,6,7,4,1,4,3,3,3,7,5,5,4,6,5,7,7,3,1,3,5,4,3,3,1,268
919,297,1,20,4,1,4,6,6,3,4,5,6,5,5,4,6,1,4,5,4,3,6,6,4,1,4,6,5,6,5,4,6,5,6,4,5,6,5,4,3,1,4,2,2,2,3,1,2,4,5,5,4,6,5,1,2,1,3,3,3,1,222
920,366,1,33,5,2,3,7,6,2,2,7,7,7,1,1,1,1,1,7,7,7,5,3,5,1,3,6,7,6,7,7,6,3,6,6,7,7,6,7,7,1,5,3,2,3,6,2,4,4,1,1,4,6,2,1,5,5,5,3,1,1,237
921,305,2,34,4,2,5,6,5,3,5,6,5,4,5,6,5,1,5,6,6,5,5,4,5,1,5,6,5,4,5,5,6,5,6,5,5,6,6,5,6,1,5,6,5,5,6,5,4,5,5,3,3,3,2,1,5,6,5,4,5,1,258
922,253,2,41,4,2,4,6,3,5,3,6,3,6,3,5,6,1,6,3,4,6,4,6,4,1,6,4,6,4,5,4,6,6,4,5,6,4,6,4,6,1,7,5,6,5,6,5,6,6,5,6,4,6,4,1,5,4,6,4,6,1,260
923,320,2,27,4,1,5,6,5,1,5,4,3,4,6,7,6,1,4,6,7,5,4,2,4,1,5,4,5,7,4,3,6,5,4,3,5,6,7,3,4,1,6,5,4,5,5,4,5,6,3,2,3,4,3,1,5,6,5,6,4,1,241
924,322,1,32,4,1,7,6,5,3,7,5,7,7,6,7,5,1,5,5,7,5,3,2,2,1,7,3,5,6,1,1,6,6,2,3,5,5,6,2,1,1,7,3,2,2,3,2,6,6,1,3,1,5,2,1,3,3,2,2,1,1,212
925,340,1,36,4,2,6,6,4,1,6,3,4,3,5,5,6,1,5,6,7,4,1,3,1,1,7,3,5,4,6,2,6,5,4,3,5,2,5,1,1,1,7,1,1,2,2,1,4,6,3,1,1,4,3,1,5,4,6,6,1,1,198
926,350,1,32,4,2,6,5,4,4,6,3,2,2,6,5,6,1,6,7,6,5,2,1,3,1,5,6,5,6,6,5,6,6,5,6,6,5,5,5,6,1,7,5,5,6,3,2,6,6,3,2,1,2,2,1,5,6,5,7,5,1,245
928,319,1,36,4,2,6,7,6,2,6,3,2,1,5,6,7,1,5,7,6,7,3,2,3,1,6,2,2,3,1,3,6,5,3,2,3,2,3,1,3,1,6,3,2,4,5,3,5,5,3,2,1,3,2,1,5,4,5,6,5,1,203
929,424,2,28,4,1,5,6,4,3,6,6,7,5,4,6,7,1,4,6,6,5,3,7,4,1,6,7,4,6,7,5,6,4,5,3,6,6,4,6,4,1,7,2,3,3,2,1,3,6,7,7,4,6,5,1,2,2,1,2,1,1,242
932,533,2,47,4,2,5,4,4,1,6,2,4,4,7,6,6,1,6,7,6,7,1,2,2,1,4,2,1,3,1,1,6,5,1,2,3,4,7,2,4,1,6,6,5,6,4,2,3,5,6,2,1,2,4,1,5,4,7,7,7,1,213
933,464,1,32,4,2,4,5,5,1,4,6,5,5,4,3,1,1,4,6,4,4,6,6,6,1,4,5,6,4,7,4,6,4,4,4,6,6,7,4,4,1,4,1,1,3,1,1,3,4,6,5,3,1,5,1,2,3,2,1,1,1,206
934,450,2,28,4,1,5,5,4,2,5,5,5,6,5,5,6,1,6,5,6,6,4,4,5,1,5,6,4,4,5,5,6,6,4,5,4,5,4,4,5,1,5,5,4,5,4,4,4,5,3,2,2,2,2,1,5,5,5,5,4,1,237
937,962,1,36,4,2,7,6,5,2,7,5,6,5,5,6,6,1,6,6,6,7,2,2,2,1,6,6,7,7,6,5,6,7,5,6,5,5,6,6,6,1,7,6,5,6,6,5,5,6,2,1,1,1,1,1,5,5,6,5,5,1,263
938,609,1,34,5,2,6,4,6,3,7,6,6,7,5,5,5,1,7,7,7,7,2,2,3,1,7,6,7,7,5,2,6,7,3,3,6,6,7,5,4,1,7,1,1,2,2,1,4,7,5,5,1,5,2,1,4,4,7,7,3,1,249
939,855,1,29,4,2,5,6,5,2,5,3,2,2,3,2,2,1,5,5,4,5,3,2,3,1,5,3,2,2,1,2,6,5,2,3,3,3,4,3,2,1,5,3,3,4,4,2,4,5,2,2,1,2,2,1,5,4,5,4,4,1,176
940,1106,2,31,4,2,2,6,5,3,3,5,6,6,4,5,5,1,3,6,5,5,3,6,6,1,3,6,5,6,5,6,6,4,6,5,6,7,6,7,6,1,3,2,1,3,2,1,2,3,6,7,6,7,6,1,2,3,2,2,1,1,232
941,817,1,29,4,2,4,7,6,2,4,2,2,1,6,5,6,1,4,5,5,5,2,2,2,1,4,5,6,6,6,5,6,4,6,6,5,7,6,6,5,1,4,4,4,2,5,2,2,4,4,4,5,5,4,1,6,4,5,5,4,1,231
942,3188,2,26,4,1,7,7,7,2,7,7,6,6,1,3,2,1,7,7,7,5,5,7,7,1,7,5,4,6,4,7,6,7,6,5,7,7,6,5,5,1,7,1,1,1,2,1,2,7,4,3,6,7,4,1,3,1,3,3,4,1,252
943,2171,2,32,4,2,6,5,5,3,6,3,2,3,1,2,2,1,7,5,5,4,3,3,2,1,6,5,4,5,4,6,6,7,5,4,5,4,5,6,5,1,7,6,5,6,5,6,5,6,3,3,2,3,2,1,6,5,6,5,5,1,235
945,374,2,26,4,2,5,6,4,3,6,6,6,5,3,5,4,1,6,5,5,5,5,6,5,1,6,4,5,6,5,4,6,6,5,6,5,5,6,4,6,1,5,3,3,3,3,2,3,5,4,5,3,5,5,1,3,4,4,2,1,1,237
946,295,2,25,4,2,6,4,5,4,6,3,4,4,2,2,4,1,6,6,5,4,3,5,5,1,6,5,4,5,5,4,6,6,5,4,6,6,5,5,4,1,7,4,4,4,5,4,4,6,4,5,3,5,3,1,5,5,5,4,3,1,239
947,265,2,34,4,2,6,7,5,3,5,4,5,5,4,3,3,1,5,3,3,3,5,6,6,1,5,3,5,5,6,5,6,5,6,5,5,6,6,6,5,1,5,4,3,3,5,4,4,5,6,6,7,7,5,1,4,4,5,3,3,1,248
948,313,1,28,4,2,7,7,6,1,7,1,2,1,1,2,1,1,7,5,7,6,7,1,2,1,7,6,7,6,6,7,6,7,6,5,6,6,7,6,6,1,7,6,7,7,6,6,7,7,2,1,2,2,1,1,7,6,7,7,6,1,264
952,372,2,39,4,2,5,5,4,4,5,2,2,2,4,4,5,1,5,5,5,5,3,4,4,1,5,4,4,5,4,4,6,5,4,5,5,5,4,4,4,1,5,4,4,5,4,4,5,5,3,2,3,3,3,1,5,5,5,5,4,1,220
953,381,2,21,3,1,6,6,4,2,7,5,6,5,4,5,4,1,6,7,5,6,4,5,4,1,6,2,5,5,3,2,6,6,3,4,6,5,7,2,3,1,7,1,2,4,3,1,4,7,5,4,1,3,1,1,5,4,4,2,3,1,222
955,619,2,28,4,1,6,5,4,3,7,3,3,3,4,5,5,1,5,6,5,5,6,6,4,1,7,3,2,5,4,3,6,7,3,2,3,3,5,1,2,1,7,1,1,3,4,2,1,7,6,4,3,5,6,1,2,4,4,2,1,1,209
957,682,1,52,4,2,7,7,5,2,6,5,5,2,6,5,6,1,7,7,6,7,2,5,4,1,7,5,6,5,6,3,6,7,5,6,5,5,6,3,5,1,7,5,3,5,5,4,6,6,3,2,2,1,1,1,6,6,7,6,4,1,258
