Subject,Gender,Age,Edu,Marriage,Group,ASC1,ASC2,ASC3,ASC4,ASC5,OSC1,OSC2,OSC3,OSC4,OSC5,OSC6,RD1,RD2,RD3,RD4,RD5,POS1,POS2,POS3,POS4,POS5,LS1,LS2,LS3,LS4,LS5,SCD,USC,DSC,UI1,UI2,UI3,UC1,UC2,UC3,DI1,DI2,DI3,DC1,DC2,DC3
1,0,20,4,3,1,6,6,6,6,6,6,6,6,6,6,6,6,6,6,6,6,2,2,2,2,2,2,2,2,2,2,6,6,2,2,2,2,5,6,6,2,2,2,2,2,2
2,1,22,4,1,1,6,6,6,6,6,6,6,6,6,6,6,6,6,6,6,5,2,2,2,2,2,2,2,2,2,2,6,6,2,2,2,2,6,7,6,2,2,2,2,2,2
3,0,19,4,2,1,6,5,6,6,6,6,6,6,6,6,6,6,6,6,6,6,2,2,1,2,3,2,1,1,2,2,6,6,2,2,2,2,6,6,6,2,1,2,2,2,2
4,0,24,4,1,1,6,6,6,6,6,6,6,6,6,6,6,6,7,6,6,5,2,2,2,2,2,2,2,2,2,2,6,7,2,2,2,2,6,6,7,3,2,2,2,2,3
5,0,20,4,3,1,6,6,6,6,6,7,5,6,6,6,6,6,6,6,6,6,3,2,2,2,2,3,2,2,2,2,6,6,2,2,2,2,5,6,6,2,1,2,2,2,3
6,1,28,4,3,2,2,2,2,2,2,2,2,2,2,2,3,2,2,2,2,2,2,2,2,2,2,4,4,3,4,3,3,2,2,2,3,2,2,2,2,2,2,2,2,2,2
7,0,20,4,1,2,2,2,2,2,2,2,2,2,2,2,3,2,2,3,2,1,2,2,2,2,2,4,4,3,5,4,4,2,2,3,2,2,2,2,2,2,2,2,2,2,2
8,0,24,1,1,2,2,2,2,2,2,2,2,1,2,2,3,2,2,2,2,3,2,2,2,2,2,4,5,4,4,4,4,2,2,2,2,2,2,2,2,2,2,2,2,2,2
9,1,22,4,1,2,2,2,2,2,2,2,1,2,2,2,2,2,2,2,2,2,2,2,2,2,3,4,4,4,4,4,4,2,2,2,2,2,2,2,3,2,2,2,2,2,2
10,0,28,4,2,2,2,3,2,3,2,2,2,2,2,3,2,2,2,2,2,2,2,2,2,2,2,4,4,4,4,4,4,2,2,2,2,2,2,2,2,2,2,2,2,2,2
11,0,25,4,1,3,6,6,6,6,6,6,6,6,6,6,6,6,5,6,6,6,6,6,6,6,6,4,4,4,4,4,4,6,6,2,2,1,6,6,6,2,2,2,6,6,6
12,1,25,5,1,3,6,6,6,6,6,6,6,6,6,6,6,6,6,6,6,6,6,6,6,6,6,4,4,4,4,4,3,6,6,2,2,2,6,6,6,2,2,2,6,6,6
13,1,17,2,1,3,6,6,6,6,6,6,6,6,6,6,6,6,6,6,6,6,6,6,6,6,6,4,4,4,4,5,4,6,6,2,2,2,6,6,6,2,3,2,6,6,6
14,1,23,4,3,3,6,6,5,6,6,6,6,6,6,6,6,6,6,6,5,6,6,6,7,6,7,3,4,4,4,4,4,6,6,2,2,2,6,6,6,2,2,2,6,6,6
15,1,20,2,1,3,6,6,6,6,6,6,6,6,6,6,6,6,6,6,6,6,6,6,6,6,6,4,4,4,4,4,3,6,6,2,2,2,6,6,6,2,2,2,6,6,6
16,0,23,4,3,4,6,6,6,6,6,6,6,6,6,6,6,2,2,2,3,2,6,6,6,6,7,6,6,6,6,5,2,2,6,2,2,2,1,2,2,2,1,2,6,5,6
17,0,21,4,3,4,5,6,7,6,6,6,6,6,7,5,6,2,2,2,2,2,6,6,6,6,6,6,6,6,6,6,2,2,6,2,2,2,3,2,2,2,2,2,6,6,5
18,0,24,4,3,4,6,6,6,6,6,6,6,6,6,7,6,2,2,3,2,2,6,6,6,6,5,6,6,6,6,6,1,2,6,2,2,2,2,2,2,2,2,2,6,6,6
19,1,24,4,1,4,6,6,6,6,6,6,7,6,6,6,6,2,2,2,2,2,5,6,6,6,6,7,6,6,6,6,2,2,6,2,2,2,2,2,2,2,2,3,7,7,6
20,1,15,5,3,4,6,6,6,6,6,6,6,6,6,6,5,2,2,2,2,2,6,6,6,6,6,6,6,6,5,6,2,2,6,2,2,1,2,2,2,2,1,2,6,6,6
21,0,27,4,3,5,5,5,5,4,5,5,5,5,5,5,5,5,5,5,5,5,2,3,3,3,3,3,3,3,3,3,5,5,4,3,3,3,5,6,5,3,3,3,3,3,3
22,1,20,4,3,5,5,5,5,6,5,5,5,5,5,5,5,5,5,5,5,5,3,3,3,3,3,3,3,4,3,2,5,5,2,3,3,3,5,4,5,3,3,3,3,3,3
23,0,17,1,1,5,5,5,5,5,5,5,5,5,5,5,5,5,5,5,5,5,3,3,3,3,3,3,3,3,2,3,5,5,3,3,3,3,5,5,5,3,3,3,3,3,3
24,1,28,2,2,5,5,5,5,5,5,5,5,5,5,5,5,5,5,5,6,5,3,3,3,3,4,3,3,3,3,3,5,5,3,3,4,3,5,5,5,3,3,3,3,3,3
25,1,23,4,2,5,5,5,6,5,5,5,5,5,5,5,5,5,6,5,5,5,3,3,3,3,3,3,3,4,3,3,5,5,3,3,3,3,5,5,5,3,3,3,4,3,3
26,0,20,3,1,6,3,3,2,3,3,3,3,3,3,3,3,3,3,3,3,2,3,3,2,3,3,4,4,4,4,3,4,3,3,3,3,3,3,3,3,3,4,4,3,3,3
27,0,24,4,1,6,3,3,3,3,3,3,3,3,3,3,3,3,3,3,4,3,3,3,3,2,3,4,3,5,4,4,5,4,3,2,3,3,3,3,3,3,3,3,3,3,3
28,1,23,4,2,6,3,3,3,3,3,3,3,3,3,3,2,3,3,3,3,3,3,3,3,3,3,4,3,4,4,4,4,3,3,3,3,3,2,3,2,2,3,3,3,3,3
29,1,28,4,2,6,3,4,3,3,3,3,3,3,3,3,3,3,3,3,3,3,3,3,3,3,3,4,4,4,4,3,4,3,2,3,3,3,3,2,3,3,3,2,3,3,3
30,1,20,4,1,6,2,3,3,3,3,3,3,3,3,3,3,3,3,3,3,3,3,3,3,3,3,4,4,4,4,4,3,3,3,3,3,3,3,3,3,3,3,4,3,3,3
31,0,19,4,1,7,5,5,5,5,5,5,5,5,5,5,5,5,5,5,5,5,5,6,5,5,5,4,4,4,4,4,4,5,5,2,2,2,5,5,5,2,3,2,5,5,5
32,1,29,4,3,7,5,6,5,5,5,5,4,5,5,5,5,5,5,5,5,5,6,6,5,6,5,5,4,4,4,4,4,5,5,2,2,2,5,5,5,3,3,3,5,5,5
33,0,29,4,1,7,5,5,5,6,6,5,5,5,5,5,4,5,5,6,5,5,4,5,5,6,5,4,4,4,4,4,4,5,5,2,2,2,5,5,4,3,3,3,4,5,5
34,1,28,4,2,7,5,5,5,5,5,5,5,5,5,5,5,5,4,5,6,5,5,5,5,5,5,4,4,3,4,4,4,5,5,2,2,1,5,5,4,3,3,3,5,5,5
35,1,21,4,2,7,4,5,5,5,5,5,5,5,5,5,5,5,5,5,5,5,5,5,5,6,5,4,5,4,4,4,5,5,5,2,1,2,5,5,5,3,3,2,4,5,4
36,1,27,2,1,8,5,5,5,5,5,5,5,5,5,5,6,3,3,3,3,3,5,6,5,5,5,5,5,5,5,5,4,3,5,3,3,3,3,3,3,3,2,3,5,5,5
37,1,27,1,1,8,5,5,5,5,5,5,5,5,5,5,5,3,3,3,3,3,5,5,5,5,6,5,5,5,5,5,3,3,6,3,3,3,3,3,3,4,4,2,5,5,5
38,1,32,4,2,8,5,5,5,5,4,5,5,5,5,4,5,3,3,3,3,3,5,5,5,5,5,5,5,5,5,5,3,3,5,3,2,3,3,3,3,3,3,3,5,5,5
39,1,31,3,1,8,4,5,5,6,5,5,5,5,5,5,4,3,3,3,3,3,5,5,5,5,5,5,5,5,5,5,3,2,5,4,3,3,3,3,3,4,3,3,5,5,5
40,1,23,4,2,8,5,5,5,5,4,5,5,5,4,5,5,3,3,3,3,3,5,5,5,6,5,5,5,6,5,5,3,3,5,3,3,3,3,3,3,3,3,4,5,5,5
41,1,31,4,1,5,5,5,5,5,5,4,5,5,5,5,5,5,5,5,5,6,3,3,3,3,3,3,3,3,3,3,5,5,3,3,3,3,5,5,5,3,3,3,3,3,3
42,0,29,4,1,5,5,5,4,6,5,5,5,5,5,5,4,5,5,5,5,5,3,3,3,3,3,3,3,3,3,3,5,5,3,3,3,3,5,5,5,2,3,3,2,3,3
43,0,21,2,1,5,5,4,5,5,6,5,5,5,5,5,5,5,5,5,5,6,3,3,3,3,3,3,3,2,4,3,5,5,3,3,3,3,5,6,4,3,3,3,3,3,3
44,1,32,2,2,5,5,5,5,5,5,5,5,5,6,5,5,5,6,5,5,5,3,2,3,3,3,3,3,3,3,3,6,6,3,3,3,3,6,5,5,3,3,3,3,3,3
45,1,18,4,1,5,5,5,5,5,5,5,5,5,5,5,5,5,5,5,5,5,3,3,3,3,3,3,2,3,3,3,5,5,3,3,3,3,5,5,5,3,3,3,3,3,3
46,1,25,4,2,6,3,3,3,3,3,3,3,3,3,3,3,3,3,3,3,3,2,4,4,3,3,4,4,5,4,4,4,3,3,3,3,3,3,3,3,3,3,3,3,3,3
47,1,25,4,3,6,2,3,3,3,3,3,3,3,3,3,3,3,3,3,4,3,3,2,3,3,3,4,4,4,4,5,4,3,3,3,3,4,3,3,3,3,3,4,3,3,3
48,0,25,5,1,6,2,3,3,3,3,3,3,3,3,3,3,3,3,3,3,3,3,3,2,3,3,4,4,4,4,4,4,3,3,3,3,3,2,3,3,4,3,4,3,3,3
49,1,27,4,3,6,3,3,3,3,3,3,3,3,3,3,3,3,3,3,3,3,3,3,4,3,3,4,4,4,4,4,4,3,3,3,3,3,3,3,3,4,3,3,3,3,2
50,0,21,5,1,6,3,3,3,3,3,3,3,3,2,2,3,3,3,3,3,3,3,3,3,3,3,4,4,4,4,4,4,3,4,3,3,3,3,2,3,3,3,3,3,3,3
51,1,26,4,1,7,5,5,5,5,5,4,6,5,5,5,5,6,5,5,5,5,5,5,5,4,5,4,4,4,4,4,4,5,5,2,2,2,6,5,5,3,3,3,5,5,5
52,1,20,4,3,7,6,5,5,5,5,5,5,5,5,5,5,5,5,5,5,5,5,5,4,5,5,4,4,4,4,4,4,5,5,2,2,1,5,5,5,3,3,3,5,4,5
53,0,27,4,2,7,5,5,5,6,5,5,5,5,5,5,5,5,5,5,5,5,5,5,5,5,5,4,4,4,4,4,4,5,5,2,2,2,4,5,5,3,3,3,5,5,5
54,1,28,4,1,7,5,5,5,6,5,5,5,5,5,5,5,5,5,5,5,5,5,5,5,5,5,4,4,4,4,4,4,5,5,2,3,2,5,5,4,3,3,3,5,5,5
55,1,23,4,2,7,5,5,5,5,5,5,5,5,5,5,5,5,5,5,5,5,5,5,5,5,6,4,4,4,4,4,4,5,5,2,2,2,5,5,5,3,3,3,5,5,5
56,1,22,1,2,8,5,5,5,5,5,5,5,5,5,5,5,3,3,3,3,3,5,5,5,5,5,5,5,4,5,5,3,3,4,3,3,3,3,3,3,3,3,3,5,5,5
57,1,17,3,3,8,5,5,5,5,5,5,5,5,5,6,5,3,3,3,3,3,5,5,5,5,6,4,6,5,5,5,3,3,5,3,3,3,3,2,3,3,3,3,5,5,5
58,1,22,4,2,8,6,5,5,5,5,5,5,5,5,5,6,3,3,3,3,3,5,5,5,5,5,5,5,5,5,5,3,4,5,3,3,3,3,3,3,3,4,3,5,5,5
59,0,22,3,1,8,5,5,5,5,5,5,5,5,5,5,5,3,3,3,4,3,5,5,5,5,5,5,5,5,5,5,3,3,5,3,3,3,3,3,4,3,3,4,5,4,5
60,1,29,1,1,8,5,5,5,5,5,5,5,5,5,5,5,3,3,3,3,3,5,5,5,5,5,5,5,6,5,5,3,2,5,3,3,3,3,3,3,3,3,3,5,5,5
61,1,11,4,2,0,4,4,4,4,4,3,4,4,4,4,4,4,4,4,4,4,4,4,4,4,4,4,4,4,4,4,4,5,3,4,4,4,4,4,4,4,4,4,3,4,4
62,1,23,4,3,0,4,3,4,4,4,5,4,4,4,4,4,4,4,4,3,4,4,4,4,4,4,4,4,4,4,4,4,4,4,4,4,4,4,4,4,4,4,4,4,4,4
63,0,27,3,3,0,4,4,4,4,4,4,4,4,4,4,4,4,4,4,4,4,4,4,4,4,4,4,4,4,4,5,4,4,4,4,3,4,5,4,4,4,4,4,4,4,4
64,1,19,4,2,0,4,4,4,4,4,4,4,4,4,4,4,4,4,4,4,3,4,4,4,4,4,4,4,4,4,4,4,4,4,4,3,4,4,4,4,3,4,4,4,4,4
65,1,30,4,3,0,4,4,4,4,4,4,4,5,4,4,4,4,4,4,3,4,4,4,4,4,4,4,4,4,4,3,4,4,5,4,3,4,4,4,4,4,4,5,4,4,4
66,1,31,4,3,0,4,4,4,4,4,4,4,4,4,4,5,4,5,4,5,4,4,4,4,4,4,4,4,3,4,4,3,4,4,4,4,4,4,4,4,4,4,4,4,4,4
67,1,34,4,3,0,4,4,4,4,4,4,4,4,4,4,4,4,4,4,4,4,4,4,4,4,4,4,4,4,4,4,4,4,3,4,4,4,4,4,4,4,4,4,4,4,4
68,1,26,4,2,0,4,4,4,4,4,4,4,4,4,4,4,4,4,4,4,5,4,4,4,4,4,4,4,3,4,4,4,3,4,4,4,4,4,4,4,4,4,4,3,4,4
69,0,26,1,1,0,4,4,4,5,4,4,4,4,4,4,4,4,4,4,4,4,4,4,4,4,4,4,4,4,4,4,4,4,4,4,4,4,5,4,5,4,4,4,4,4,4
70,0,21,2,3,0,4,4,4,4,4,4,4,4,4,4,4,4,4,4,5,4,4,4,4,4,4,4,4,4,4,4,4,4,3,5,4,4,4,4,4,3,4,4,4,4,4
71,1,24,5,1,1,4,5,4,3,4,5,4,5,5,4,5,4,5,5,4,4,3,6,5,3,5,4,4,5,5,3,3,4,4,4,4,3,5,3,6,4,4,2,4,4,5
72,0,20,1,1,1,5,3,3,3,4,4,3,5,3,4,4,4,6,5,5,4,5,4,4,4,2,4,2,3,4,4,4,6,5,4,4,1,5,4,6,3,4,2,3,3,6
73,0,27,4,1,1,5,3,5,3,5,5,5,5,2,3,2,3,4,4,2,4,4,5,6,3,3,3,5,5,6,5,4,4,3,3,3,4,5,4,4,6,4,5,6,5,5
74,0,31,2,1,1,5,4,7,3,2,2,4,3,3,4,4,3,4,5,3,4,2,3,4,3,3,7,5,7,4,4,3,3,4,4,5,6,4,4,5,3,1,3,5,4,3
75,1,22,4,1,1,5,5,3,3,3,4,6,4,3,3,4,5,3,4,3,3,4,4,4,4,3,4,6,3,4,3,3,4,5,4,4,5,3,4,1,5,3,4,3,6,5
76,0,21,4,3,2,5,3,4,5,2,3,4,5,6,4,4,3,3,5,5,3,3,4,4,4,3,6,4,5,5,3,4,4,5,4,3,4,4,6,2,6,6,3,4,4,4
77,0,25,4,2,2,5,4,3,5,4,5,4,5,3,4,5,6,4,4,6,3,4,3,4,5,5,4,3,4,5,5,3,4,6,4,4,4,2,6,6,5,4,2,2,4,4
78,1,21,4,1,2,3,4,6,4,3,6,6,3,3,4,5,4,5,6,5,3,4,5,4,4,3,5,4,5,4,3,5,6,5,4,3,6,4,2,4,4,3,2,2,5,4
79,1,35,4,3,2,4,4,2,3,5,5,4,4,3,4,4,3,3,5,5,5,4,4,4,7,3,4,3,2,4,5,5,4,4,5,4,4,5,2,5,5,4,4,5,5,4
80,1,22,4,1,2,5,4,5,4,1,5,6,5,2,4,5,2,4,5,4,3,4,4,3,5,2,3,5,2,3,2,4,3,4,3,4,5,4,5,2,5,3,4,3,3,3
81,1,22,4,3,3,2,1,3,3,4,3,3,4,4,4,2,4,4,4,4,3,3,3,5,4,3,4,3,4,3,3,4,4,3,3,4,4,3,4,3,3,5,4,3,3,4
82,1,27,4,2,3,4,4,6,3,5,5,2,2,2,2,6,3,2,3,3,2,5,3,4,5,3,5,4,3,3,6,5,5,3,5,3,7,3,5,6,5,4,4,4,5,6
83,1,22,4,1,3,4,5,5,5,4,3,6,3,5,3,4,4,3,5,3,4,2,5,4,3,4,3,5,4,3,4,2,3,3,5,3,3,5,5,3,3,5,5,5,3,3
84,0,27,2,3,3,4,3,4,5,3,4,3,3,5,3,4,3,4,2,4,2,4,3,2,6,4,4,2,4,4,6,4,4,4,5,4,4,5,4,5,4,4,3,3,4,3
85,1,36,4,1,3,4,4,6,5,5,5,5,5,4,4,5,6,4,6,4,3,4,2,5,3,4,4,4,3,3,4,3,5,4,2,2,4,5,4,5,4,4,5,5,3,2
86,0,19,2,1,4,3,3,5,3,4,4,3,4,4,2,7,5,5,3,4,4,4,2,5,5,3,4,4,3,4,4,4,4,3,4,4,5,2,5,4,5,6,4,5,3,4
87,0,20,4,2,4,3,4,3,4,3,5,4,4,6,4,5,6,4,4,3,3,3,6,3,3,5,4,4,5,3,4,3,3,5,4,4,4,5,3,4,4,5,5,2,4,3
88,0,22,4,1,4,4,5,3,4,5,5,5,5,4,3,3,4,4,4,4,4,5,5,5,4,4,4,3,4,5,2,5,5,3,4,4,4,5,3,4,5,5,4,4,4,3
89,1,21,5,2,4,4,5,4,4,3,4,3,6,5,5,4,4,4,4,5,3,3,2,3,3,4,3,3,6,3,3,4,5,4,5,4,4,5,5,4,4,3,5,4,4,4
90,0,26,5,2,4,4,4,4,6,6,2,4,3,4,4,4,5,4,3,4,5,4,2,4,4,3,5,3,2,5,5,3,3,5,4,4,4,5,4,4,4,4,4,4,3,6
91,0,32,4,2,5,3,5,5,5,4,3,2,5,4,6,3,4,5,3,4,4,5,4,3,4,4,3,3,3,6,4,5,3,3,6,4,4,3,5,2,3,4,4,6,4,4
92,0,23,4,1,5,4,6,3,3,5,3,4,3,5,3,3,3,4,5,4,4,5,5,6,4,4,4,5,3,5,3,4,3,4,4,4,2,4,4,5,5,3,1,5,4,5
93,0,27,5,1,5,5,5,3,3,2,3,4,4,4,2,4,4,3,4,3,3,5,4,3,2,2,3,4,5,3,5,3,3,4,4,2,5,3,3,4,6,4,5,3,7,5
94,0,27,3,3,5,4,5,3,4,5,4,5,4,3,3,4,1,4,5,5,3,4,5,4,4,5,6,4,5,4,3,4,3,4,4,4,2,4,4,4,4,4,5,3,2,4
95,1,27,4,3,5,5,3,4,4,4,3,3,3,4,2,4,4,2,4,3,3,6,3,7,4,4,4,7,2,5,5,3,3,5,4,3,5,4,3,4,3,4,3,2,4,4
96,0,25,4,3,6,5,3,4,5,3,5,4,4,2,4,3,3,6,5,6,5,5,4,5,4,3,6,2,4,6,4,4,4,5,5,4,5,3,3,3,1,4,5,6,5,4
97,0,27,4,3,6,2,3,6,1,5,4,4,4,4,4,4,4,5,5,6,4,5,4,6,4,4,4,3,5,5,3,5,4,4,3,3,4,4,5,5,4,3,3,3,5,5
98,1,27,1,3,6,3,6,3,4,6,2,2,5,5,2,3,5,5,5,5,5,3,3,5,4,4,4,5,4,4,3,4,5,5,5,5,4,4,6,4,5,5,5,4,4,2
99,0,24,2,1,6,4,4,4,6,3,6,4,5,4,5,4,3,4,4,4,5,4,4,4,3,4,3,3,4,3,3,2,4,3,3,3,3,6,4,4,3,3,4,4,4,4
100,1,25,4,2,6,4,3,6,3,4,2,4,3,4,2,4,4,3,4,5,3,5,6,5,4,4,4,4,4,5,4,4,4,4,5,4,5,5,4,3,5,4,3,4,4,6
101,0,27,4,3,7,6,6,6,6,6,6,6,6,6,6,6,6,6,6,6,6,2,2,2,2,3,1,2,2,2,2,6,6,3,2,2,2,6,6,6,2,2,2,2,2,2
102,1,26,2,2,7,6,6,6,6,6,6,6,5,6,5,5,6,6,6,6,6,2,2,3,2,2,3,2,2,2,2,6,6,2,2,2,2,7,6,6,2,2,2,2,2,2
103,0,21,4,3,7,6,6,6,6,6,7,6,6,7,6,6,6,6,6,6,6,2,2,2,2,2,1,2,2,2,2,6,6,2,2,1,2,6,6,6,2,2,2,2,2,2
104,0,30,4,3,7,6,6,6,6,5,6,6,6,6,6,6,5,6,6,6,6,2,2,2,2,2,1,2,2,2,2,6,6,2,2,2,2,6,6,6,2,2,2,2,2,2
105,0,23,4,2,7,6,6,6,6,6,6,6,6,6,6,6,6,6,6,6,6,2,2,2,2,2,2,2,2,1,2,6,5,2,2,2,1,6,6,6,2,1,2,2,3,2
106,1,22,4,2,8,2,1,2,2,2,2,2,2,2,2,2,3,2,2,3,2,2,2,2,2,1,4,4,4,4,4,4,2,2,2,1,2,2,2,2,2,2,2,2,2,3
107,0,27,4,1,8,2,3,2,2,2,2,2,1,1,2,2,2,2,3,2,2,2,2,2,2,2,4,4,4,4,4,4,2,2,2,2,2,2,2,2,3,2,2,2,2,2
108,0,16,4,1,8,2,2,2,2,2,2,2,2,3,2,1,2,2,2,2,2,2,2,2,2,2,4,4,3,4,4,4,2,2,2,2,1,3,2,2,3,2,2,2,2,2
109,0,28,5,1,8,3,2,2,2,2,2,2,2,2,2,2,2,2,3,2,2,2,2,2,1,2,4,4,4,4,4,4,2,2,2,2,2,2,2,2,2,1,2,2,2,2
110,1,13,4,3,8,2,2,2,2,2,2,2,2,2,2,2,2,1,2,2,2,2,2,2,2,2,4,4,4,4,4,4,2,2,2,2,1,2,2,1,2,2,2,2,3,2
111,1,14,4,1,5,6,6,6,6,6,6,6,6,6,6,6,6,5,6,7,6,5,6,6,6,6,3,4,3,4,4,4,6,6,2,2,2,6,6,6,2,2,2,6,6,6
112,1,26,4,1,5,6,6,6,6,6,6,6,6,6,6,6,6,6,6,6,6,6,6,6,6,7,4,4,4,4,4,4,6,6,3,2,2,6,6,6,2,2,2,6,6,6
113,1,33,4,1,5,6,6,6,6,6,6,6,6,6,6,6,6,6,7,6,6,6,6,6,6,6,4,4,4,3,4,4,6,6,2,2,2,6,6,6,3,2,3,5,6,6
114,0,24,2,3,5,5,5,6,6,6,6,6,6,6,6,6,6,6,6,6,6,6,6,6,6,6,4,4,4,4,4,4,6,6,2,2,2,6,6,6,2,2,2,6,6,6
115,0,26,4,2,5,6,6,6,6,5,6,6,6,6,6,6,6,6,6,5,6,6,6,6,6,6,4,4,4,4,4,4,6,6,2,2,2,6,6,6,2,2,2,6,6,6
116,0,26,4,1,6,6,6,6,6,6,6,5,6,6,6,6,2,2,2,2,2,6,6,6,6,6,6,6,6,6,6,2,2,6,2,2,2,2,2,2,2,2,2,6,6,6
117,1,21,5,1,6,6,6,6,6,6,6,6,6,6,6,6,2,2,2,3,2,5,6,6,6,6,6,6,6,6,6,2,2,6,2,2,2,3,1,2,2,2,2,6,6,6
118,1,23,4,1,6,6,6,6,6,6,6,6,6,6,6,6,2,2,2,2,2,6,6,6,6,6,6,6,6,6,6,2,2,6,3,2,2,2,3,2,3,1,3,6,6,6
119,0,24,3,3,6,6,6,7,6,6,6,6,6,6,6,6,2,2,2,2,2,6,6,6,5,6,6,6,6,6,6,2,2,6,2,2,2,2,2,2,2,2,2,6,6,6
120,1,20,4,1,6,6,6,6,6,7,6,6,6,6,6,6,2,2,1,2,2,6,7,6,6,6,6,6,6,6,6,2,2,6,2,2,2,2,2,2,2,2,2,6,6,6
121,0,24,4,2,7,6,5,5,5,6,5,5,5,5,6,5,4,5,5,5,5,3,3,3,3,3,3,3,2,3,3,5,5,3,3,3,3,6,5,5,3,3,3,3,3,3
122,0,22,4,1,7,5,5,5,5,5,5,5,5,5,5,5,5,5,5,5,5,3,3,3,3,3,3,3,4,3,3,5,5,3,3,3,3,5,5,5,3,3,3,3,3,3
123,0,25,3,2,7,5,5,5,5,5,5,5,5,5,5,5,5,5,5,5,5,3,3,3,3,4,4,4,3,3,3,5,5,3,2,3,3,5,5,5,3,3,3,3,3,3
124,0,20,4,2,7,5,5,5,5,5,5,5,5,5,5,5,5,5,5,5,5,3,3,3,3,3,3,3,3,3,3,5,5,3,3,3,3,5,5,5,3,3,3,3,3,3
125,0,34,4,1,7,5,5,5,5,5,5,5,5,5,5,5,5,6,6,5,5,3,3,3,3,3,3,4,3,3,3,5,5,3,3,4,3,5,5,5,3,3,3,3,3,3
126,0,30,1,3,8,4,3,3,3,3,3,2,3,3,3,3,3,3,3,3,3,3,3,3,3,3,4,4,4,4,4,4,3,3,3,3,3,3,4,3,3,3,4,3,3,3
127,1,17,4,1,8,3,3,3,3,3,3,3,3,3,3,3,3,3,3,4,3,3,3,3,3,3,4,4,4,4,4,4,3,3,3,2,3,3,3,3,3,4,3,3,3,4
128,0,26,1,3,8,3,2,3,3,3,4,3,3,3,3,3,3,3,3,4,3,3,3,3,2,3,4,4,4,4,4,4,3,3,3,3,3,3,4,3,3,3,3,3,3,3
129,0,21,1,3,8,3,3,3,2,3,3,3,3,3,3,3,3,3,3,3,3,2,2,3,3,2,4,4,4,4,4,4,3,3,3,3,3,3,3,3,3,3,3,3,3,3
130,0,25,5,2,8,4,3,3,3,3,3,3,3,3,3,3,3,4,3,3,2,3,3,3,3,3,4,4,4,4,4,4,3,3,3,3,3,2,3,3,3,4,3,3,3,3
131,1,29,4,2,0,5,5,4,5,5,5,5,5,5,5,5,5,5,5,5,5,5,5,5,5,5,3,4,4,4,3,4,5,5,3,2,2,5,5,5,3,3,3,5,5,5
132,0,16,4,3,0,5,5,5,5,5,5,5,5,5,5,6,5,5,5,5,5,5,5,6,5,5,4,4,4,4,3,4,5,5,2,2,2,5,4,5,3,4,3,5,5,5
133,1,31,4,3,0,5,5,5,5,5,5,5,5,5,5,5,5,5,5,5,4,5,4,6,5,5,3,4,4,4,4,4,5,5,2,2,1,5,5,5,3,3,3,5,5,5
134,1,28,2,2,0,5,5,5,6,5,5,5,5,5,5,5,5,5,5,5,5,5,5,5,5,5,4,4,4,4,4,4,5,5,3,2,2,5,5,5,3,3,3,5,4,5
135,0,26,4,2,0,5,5,4,6,5,5,5,5,5,5,5,5,5,5,5,5,4,6,5,5,5,4,5,4,4,4,4,5,5,1,2,2,5,5,5,3,3,3,5,5,5
136,0,28,4,2,0,5,5,5,5,5,6,5,5,5,5,5,3,3,3,3,3,5,5,5,5,5,5,5,5,5,5,3,3,5,3,3,3,3,3,3,3,3,3,5,5,5
137,1,26,4,2,0,5,5,5,5,5,5,5,5,5,5,5,3,3,3,3,3,5,5,5,5,4,5,5,5,6,5,3,3,5,3,3,3,3,3,3,3,2,3,5,5,4
138,0,21,5,1,0,5,5,5,5,5,5,5,5,5,5,5,4,3,3,3,3,5,5,5,5,5,5,5,5,5,5,3,3,5,3,3,3,3,3,3,3,3,3,5,5,5
139,1,27,4,2,0,5,5,5,5,5,5,5,5,5,5,5,3,3,3,3,3,5,5,5,5,5,5,5,5,5,5,3,3,5,2,3,3,3,3,3,3,3,3,5,5,5
140,1,20,2,3,0,5,5,5,5,4,5,5,5,6,5,5,3,3,3,3,3,5,4,5,5,5,5,5,5,4,5,3,3,5,3,3,3,3,4,3,3,3,3,5,5,5
141,0,20,4,2,1,5,5,5,5,5,5,5,5,6,5,6,5,5,5,5,5,3,3,3,3,3,3,3,3,3,3,5,5,3,3,3,3,5,5,5,3,3,3,3,3,3
142,1,32,4,1,1,5,5,5,5,6,5,6,5,4,5,5,5,5,5,5,5,3,3,3,3,3,3,3,3,3,3,6,5,3,4,3,3,5,5,5,3,3,3,3,3,3
143,1,30,4,3,1,5,5,5,5,5,5,5,5,5,5,5,5,5,5,5,5,3,3,3,3,3,3,3,3,3,3,5,5,3,3,3,3,5,5,6,3,2,3,2,3,3
144,1,29,3,3,1,5,5,5,5,5,5,5,5,5,5,5,5,5,4,5,5,3,3,3,3,3,3,3,3,3,3,5,6,3,4,2,2,5,5,5,3,2,3,3,3,3
145,1,24,4,2,1,4,5,5,6,5,5,5,5,5,5,5,5,5,5,5,5,3,3,3,3,3,3,3,3,3,3,5,5,2,3,3,3,5,4,5,3,3,3,3,3,3
146,0,27,2,1,2,3,3,3,3,3,3,3,3,3,3,3,4,3,3,3,3,3,3,3,3,3,4,4,4,4,4,4,3,2,3,3,3,3,4,3,3,3,3,3,3,2
147,1,27,3,3,2,3,3,3,3,3,3,2,3,3,3,3,3,2,3,3,3,3,3,2,3,3,4,4,4,4,4,4,3,3,3,3,4,3,3,3,3,3,3,3,3,3
148,1,26,2,1,2,3,4,3,3,3,3,3,3,3,3,3,3,3,3,3,3,3,3,3,3,3,4,4,4,4,4,4,3,3,3,3,2,3,3,3,3,3,3,3,4,3
149,0,26,4,1,2,3,3,3,3,4,3,4,3,3,4,3,2,3,3,3,3,3,3,3,3,3,4,4,4,4,4,4,3,4,3,3,2,3,3,3,2,3,4,3,3,3
150,1,25,1,3,2,3,3,3,3,3,3,3,3,3,2,3,3,3,4,3,3,3,3,3,2,3,4,3,4,4,4,4,3,3,3,3,3,2,3,3,3,3,3,2,3,4
151,1,24,2,3,3,5,5,5,5,5,5,5,5,5,5,5,5,5,5,5,5,5,5,5,5,5,4,4,4,4,4,4,5,5,3,2,2,5,5,4,3,3,3,5,5,5
152,0,30,4,1,3,5,4,5,5,5,5,5,5,5,5,5,5,5,5,5,5,5,5,5,5,5,4,4,4,5,4,4,5,5,1,2,2,5,5,5,3,3,3,5,5,5
153,1,21,1,1,3,5,5,5,5,5,5,5,5,5,5,5,5,6,5,5,5,5,5,5,5,4,4,4,4,4,4,4,5,5,2,2,2,5,5,5,3,3,4,5,5,5
154,0,26,4,3,3,6,5,5,5,5,6,5,5,5,5,5,5,5,5,5,5,5,5,5,5,5,4,4,4,4,4,4,5,5,3,2,2,4,5,5,3,3,3,5,5,5
155,1,33,4,2,3,5,5,5,4,5,5,5,5,5,5,6,5,5,5,5,5,5,5,5,5,4,4,4,4,4,5,4,5,5,2,2,1,5,6,5,3,3,3,5,5,5
156,1,18,4,3,4,5,5,5,5,5,5,5,6,5,5,5,3,3,3,3,4,5,5,5,5,5,5,5,5,5,6,3,4,5,3,3,3,2,3,3,3,3,3,5,5,5
157,1,20,4,3,4,5,5,5,5,5,5,5,5,5,5,5,3,3,3,3,3,5,5,5,5,5,5,5,5,5,5,3,3,5,3,3,3,3,3,3,3,3,3,5,5,5
158,0,31,4,1,4,5,5,5,5,5,5,5,5,5,5,5,4,3,2,3,3,4,5,5,5,4,5,5,5,5,5,3,3,5,3,3,3,3,3,3,3,3,3,5,5,5
159,1,30,3,3,4,5,5,5,5,5,5,5,5,5,5,5,3,3,3,2,3,5,5,5,5,5,4,5,5,5,5,3,3,5,3,3,3,3,3,3,3,3,3,5,4,5
160,0,23,4,1,4,5,5,5,5,5,5,5,5,5,5,6,3,3,3,3,3,5,5,5,5,5,5,5,4,5,5,2,3,5,3,3,3,3,3,3,3,3,2,5,4,4
161,1,23,4,2,5,4,4,4,4,4,4,4,4,4,4,4,5,4,3,4,4,4,4,4,4,5,4,4,4,4,4,4,5,4,4,4,4,4,4,4,4,4,4,4,4,4
162,1,19,2,3,5,4,4,3,4,4,4,4,4,4,4,4,4,5,4,4,4,4,5,4,4,5,4,3,4,4,4,4,4,4,4,4,4,4,4,5,5,4,5,4,3,4
163,0,23,2,3,5,4,4,3,4,4,4,4,4,4,4,4,4,4,4,4,4,4,4,4,4,4,4,4,4,4,4,4,4,4,4,4,4,4,4,4,4,4,4,4,4,4
164,0,19,4,2,5,4,4,4,4,4,4,4,4,5,4,4,4,4,4,4,5,4,4,4,4,4,4,4,4,4,4,4,4,4,4,4,4,4,4,4,4,4,4,5,4,4
165,1,27,4,3,5,4,4,4,4,4,4,4,5,4,5,4,4,4,4,4,4,4,4,4,4,5,4,4,4,4,4,3,4,4,4,4,4,4,4,4,4,3,4,4,4,4
166,0,20,4,2,6,4,4,4,4,4,4,4,4,4,4,4,3,4,4,4,4,4,4,4,4,4,3,4,4,4,4,4,4,3,4,4,4,3,4,4,4,4,4,4,4,3
167,1,17,4,2,6,4,4,4,4,4,4,4,4,4,4,4,3,4,4,4,4,4,4,4,4,4,4,4,4,5,4,4,4,4,4,4,4,3,4,3,4,4,4,4,4,4
168,0,38,4,2,6,4,4,4,4,4,4,4,4,4,4,4,4,4,4,3,4,3,4,4,4,4,4,4,4,4,4,4,4,4,4,4,4,4,4,4,5,4,4,4,4,4
169,1,34,5,1,6,4,4,4,4,4,4,4,4,4,4,4,4,4,4,4,4,4,3,4,4,4,4,4,4,5,4,4,4,4,4,4,4,4,4,4,4,4,4,4,4,4
170,1,30,1,1,6,4,4,4,4,4,4,4,4,4,4,4,4,4,4,4,4,4,4,3,4,3,4,3,4,4,4,4,4,4,5,4,4,4,4,3,4,5,4,4,4,5
171,0,31,1,1,7,6,6,4,4,4,3,4,4,4,4,5,3,4,3,3,4,4,4,4,4,4,4,5,3,4,3,5,4,3,3,3,4,4,4,3,5,5,3,5,4,5
172,1,23,4,1,7,3,4,3,5,4,4,5,5,5,4,5,3,5,2,6,4,5,4,3,5,2,3,3,5,4,4,4,3,5,2,4,4,3,4,4,3,3,4,4,6,6
173,0,24,5,2,7,4,3,3,5,5,4,4,3,5,3,5,4,2,6,6,5,5,5,4,4,4,4,4,3,5,5,4,4,4,2,3,4,4,4,4,3,5,3,4,5,4
174,1,25,4,1,7,5,2,3,6,2,3,6,6,5,2,4,6,2,4,5,3,4,5,3,5,4,4,3,3,3,3,4,4,3,4,5,4,5,3,5,4,5,5,3,4,4
175,0,27,4,1,7,4,4,3,5,6,4,4,4,5,4,4,5,5,4,4,3,3,6,4,3,3,4,4,4,3,3,2,4,3,5,5,4,3,4,5,4,4,3,4,4,6
176,0,28,4,3,8,5,5,2,4,6,4,4,2,4,4,5,3,3,5,4,3,3,3,3,2,3,6,4,4,4,7,3,5,5,4,5,3,4,4,2,4,4,4,6,5,5
177,0,23,5,3,8,5,4,4,6,4,7,5,4,5,3,4,4,3,4,4,4,5,3,4,4,4,4,4,4,4,5,4,2,5,3,4,4,3,2,4,5,5,5,5,3,5
178,1,21,1,2,8,3,4,5,4,4,4,4,3,4,5,5,5,4,5,5,4,4,5,4,4,4,5,5,5,5,6,5,6,4,3,4,2,3,2,4,5,3,5,4,6,4
179,0,21,4,2,8,5,2,4,4,4,4,4,2,6,5,3,3,4,2,4,3,3,5,3,5,2,4,5,6,4,4,3,3,3,6,6,3,3,4,4,5,4,5,3,3,4
180,1,28,4,2,8,1,3,4,4,4,3,5,3,3,3,3,7,4,5,3,4,3,5,5,5,4,3,4,5,5,2,4,3,5,4,5,5,5,4,4,4,6,3,4,4,2
181,0,23,1,1,5,4,3,5,5,6,3,5,2,3,5,5,4,5,6,4,4,4,3,5,3,4,3,4,3,4,5,4,4,3,3,4,4,1,4,3,5,5,5,3,2,6
182,1,19,1,1,5,4,3,6,4,3,5,3,6,3,5,4,6,5,3,4,4,5,4,5,4,3,4,5,3,3,4,3,3,3,3,5,6,5,4,2,3,2,4,5,6,4
183,1,22,2,1,5,2,3,3,5,3,5,4,5,2,4,4,6,4,3,2,6,6,5,6,4,2,4,4,3,4,5,3,3,2,5,4,3,2,2,4,3,4,3,4,3,4
184,1,16,4,1,5,4,4,6,4,2,4,2,6,3,4,3,6,4,5,4,5,2,3,4,3,5,4,2,4,4,3,5,4,5,5,3,4,7,2,5,5,4,5,4,3,5
185,1,24,4,1,5,4,5,5,4,4,4,4,4,4,3,2,5,2,6,3,4,4,4,4,4,5,5,3,5,6,5,5,3,4,5,4,4,5,3,6,4,2,5,6,3,4
186,1,33,4,2,6,4,5,3,4,4,3,4,5,5,6,6,4,5,5,5,4,5,4,4,3,4,4,4,4,2,4,4,4,5,3,5,5,4,5,6,4,4,2,4,4,4
187,1,18,1,3,6,3,4,4,8,4,6,4,4,5,4,6,4,5,5,4,4,5,4,4,4,4,5,5,4,4,5,4,3,3,5,3,4,6,4,3,6,5,3,5,3,3
188,1,28,1,3,6,3,5,4,3,4,6,2,3,3,5,5,5,4,4,3,3,3,4,4,4,5,4,4,6,5,3,5,4,5,6,4,3,4,5,5,4,4,5,4,3,5
189,1,24,4,1,6,6,4,3,4,5,4,5,4,5,2,3,4,2,3,3,3,5,3,2,5,4,3,5,5,5,3,4,3,3,3,3,5,6,4,5,4,4,5,5,3,4
190,1,26,4,1,6,4,3,2,5,3,3,3,4,2,4,4,4,3,2,4,5,5,5,4,2,4,4,4,4,6,3,7,3,6,5,2,3,4,3,5,4,4,5,3,4,5
191,0,28,1,3,7,3,4,4,5,5,3,4,4,3,3,1,3,4,5,4,2,3,5,4,4,4,4,5,4,3,5,4,4,4,3,3,4,5,3,3,4,4,4,6,4,5
192,0,19,4,3,7,4,4,4,4,6,5,4,4,3,4,3,3,3,5,5,4,5,3,2,4,3,4,4,5,3,3,5,4,6,5,5,3,3,3,2,4,3,4,4,6,3
193,1,27,4,1,7,4,3,3,4,4,3,4,5,4,4,5,5,4,3,3,5,6,3,4,4,5,5,2,4,4,4,4,4,1,4,4,6,3,5,5,4,4,5,5,4,4
194,1,23,4,2,7,4,3,4,3,4,3,4,2,4,5,4,5,5,5,5,5,4,5,5,5,5,3,4,3,5,3,2,4,6,3,3,2,2,5,3,4,4,3,4,4,4
195,1,26,1,1,7,4,3,3,5,5,5,4,4,5,4,5,5,4,3,5,5,5,4,3,4,5,5,3,5,2,3,6,4,5,1,6,4,3,5,5,2,4,3,4,5,3
196,1,21,4,3,8,4,3,5,4,3,5,3,3,4,5,4,7,2,4,4,3,5,4,3,3,3,4,4,3,3,5,3,4,4,4,1,4,4,3,4,3,3,2,5,3,4
197,0,12,2,1,8,3,4,2,4,5,3,5,3,5,4,3,2,5,4,4,5,5,6,4,4,5,4,4,4,3,6,5,2,5,5,4,3,6,3,4,3,5,4,5,5,3
198,0,29,4,2,8,3,2,1,3,4,3,4,4,3,5,5,3,2,4,5,4,3,2,4,4,2,4,4,5,4,5,3,3,4,6,5,5,4,6,3,4,5,2,3,4,4
199,0,31,4,2,8,4,3,5,4,4,4,2,3,3,3,4,4,6,4,6,4,6,4,2,6,3,3,2,4,5,4,5,3,4,4,5,4,2,5,2,5,4,3,4,4,3
200,1,31,4,1,8,3,3,4,6,3,4,3,3,5,3,5,4,5,6,5,5,5,3,4,6,3,5,6,3,5,5,4,3,3,8,4,5,3,4,4,3,2,2,5,2,3
201,0,31,4,1,0,6,6,6,6,6,6,6,6,6,6,6,6,6,6,6,6,2,2,2,2,2,2,2,2,2,2,5,5,2,2,2,2,6,6,6,2,2,2,2,2,2
202,1,25,2,3,0,6,6,6,5,7,6,6,5,6,6,5,6,6,6,7,6,2,2,2,2,2,2,2,2,1,2,6,6,2,2,3,2,6,6,5,2,2,2,3,2,2
203,1,23,4,3,0,6,6,6,6,6,6,6,6,6,6,6,6,6,6,6,7,2,2,2,3,2,2,3,2,2,2,6,6,2,2,2,2,6,6,6,2,2,2,2,2,2
204,0,21,4,2,0,6,6,6,6,6,6,6,6,6,6,5,6,6,6,6,6,2,2,2,3,1,2,2,2,2,2,7,6,2,2,2,2,6,6,6,2,2,2,2,2,2
205,0,23,5,2,0,6,6,6,6,6,6,6,6,6,6,6,6,6,6,6,6,2,2,2,2,2,2,2,2,2,2,5,6,3,2,1,2,6,6,5,2,2,2,2,2,2
206,0,25,3,3,0,2,2,2,2,2,2,2,2,2,2,2,2,2,2,2,2,2,2,2,3,2,4,4,4,4,4,4,2,2,2,2,2,2,2,2,2,2,2,1,2,2
207,0,25,4,1,0,2,3,2,2,2,2,1,2,2,2,1,2,2,2,2,2,2,2,2,2,3,4,4,4,4,4,4,2,2,2,2,2,2,2,2,2,2,2,2,2,2
208,0,22,4,2,0,2,2,2,2,2,2,3,2,2,2,2,2,2,2,2,2,2,2,2,2,2,3,4,4,4,4,4,2,2,2,2,2,1,2,2,2,2,2,2,2,2
209,1,34,3,1,0,2,2,2,3,2,2,2,2,3,2,2,2,2,2,2,1,2,1,2,2,2,4,4,4,4,4,4,3,2,2,2,2,2,2,2,2,2,2,2,2,2
210,0,23,4,2,0,3,2,2,2,2,2,2,2,2,2,2,2,2,2,2,2,2,2,2,2,2,4,4,4,4,4,4,2,2,3,2,2,2,2,2,2,2,2,2,2,2
211,1,28,3,1,1,6,7,6,6,6,6,6,6,6,6,6,6,6,6,6,6,6,6,6,6,6,4,4,4,4,4,4,6,6,2,2,2,6,7,6,2,2,2,6,6,6
212,0,16,4,3,1,7,6,6,6,6,7,6,6,6,6,6,6,6,6,6,7,6,6,6,6,7,4,4,4,3,3,4,6,6,2,2,2,6,6,6,2,2,2,6,6,6
213,1,23,4,2,1,6,6,6,6,6,6,6,6,6,6,6,6,6,6,6,6,6,7,7,6,5,4,4,4,4,4,5,6,6,2,2,1,6,6,6,2,2,2,6,6,6
214,0,32,4,3,1,5,6,6,7,6,6,6,6,5,6,6,6,6,6,6,6,6,6,6,6,6,4,4,4,4,3,4,6,6,3,2,2,6,6,6,2,2,2,6,6,6
215,0,23,2,2,1,6,5,6,7,6,6,6,6,6,7,7,6,6,6,6,6,6,6,6,6,7,4,4,4,4,4,3,6,6,2,2,2,7,6,7,2,2,1,6,6,6
216,0,22,5,3,2,6,6,6,6,6,7,6,6,6,6,7,2,2,2,2,2,6,6,6,6,6,6,6,5,6,6,2,2,6,1,2,2,2,2,2,2,2,1,7,6,6
217,1,28,4,3,2,6,6,5,7,6,6,5,6,7,6,6,2,2,2,2,2,7,6,6,6,6,6,7,6,6,5,2,1,6,3,2,2,2,2,2,2,2,2,5,6,6
218,0,33,4,1,2,6,6,6,6,6,6,6,6,6,6,6,2,2,2,2,2,6,6,6,6,6,6,6,6,6,6,2,2,6,2,2,2,2,2,2,1,2,2,6,6,7
219,0,28,4,1,2,6,7,6,6,6,6,6,5,6,6,6,2,2,3,2,2,6,6,6,6,6,6,6,6,7,7,2,2,6,2,2,2,2,3,2,2,2,2,6,5,6
220,1,23,4,3,2,6,7,6,6,6,6,6,6,6,6,6,2,2,2,2,2,6,6,6,6,6,6,6,6,5,6,2,2,6,3,2,2,2,2,2,3,2,2,6,6,6
221,0,29,4,2,3,5,6,5,5,5,6,5,5,5,5,6,5,5,5,5,5,3,3,3,3,3,3,3,2,3,3,5,5,4,3,3,3,5,5,5,3,3,3,3,3,3
222,0,22,3,1,3,5,5,5,5,5,5,5,5,5,5,5,5,5,5,5,5,3,3,3,3,3,3,3,3,3,3,5,5,3,3,3,3,5,5,4,3,3,2,3,3,3
223,1,15,4,3,3,5,5,6,5,5,5,4,4,5,5,5,5,5,5,5,5,3,3,2,3,3,3,3,3,3,3,5,5,3,3,3,3,4,5,5,3,3,3,3,3,3
224,0,21,4,1,3,5,5,5,4,5,4,6,5,5,5,5,5,5,5,5,5,3,3,3,3,3,2,3,3,3,3,5,5,3,3,3,3,5,5,6,3,4,3,3,3,3
225,0,19,4,1,3,5,5,5,5,5,5,5,5,5,5,5,5,5,5,5,5,3,3,3,3,3,3,3,2,4,3,5,5,3,3,3,3,5,5,4,3,3,3,3,3,3
226,0,25,4,2,4,4,2,3,3,3,3,3,3,4,3,3,3,4,3,3,3,3,3,3,3,2,4,4,4,4,4,4,3,3,3,3,3,3,3,3,3,3,3,3,3,3
227,0,28,4,1,4,3,3,3,3,3,3,3,3,3,3,3,3,3,3,3,3,3,3,2,3,3,4,4,4,4,4,4,3,3,3,2,3,3,2,3,3,3,3,3,3,3
228,0,28,5,1,4,3,3,3,3,3,3,3,3,3,3,3,3,3,3,3,3,3,3,3,3,3,5,4,4,4,4,4,3,4,3,3,3,3,3,3,3,3,3,3,2,3
229,0,32,5,1,4,3,3,2,3,3,3,3,2,3,3,3,3,3,3,2,3,3,3,3,3,3,4,4,4,4,4,4,2,3,3,3,3,3,3,3,3,3,3,3,3,2
230,1,19,4,3,4,3,3,3,3,3,3,3,3,3,3,3,3,3,3,3,3,3,3,3,3,3,4,4,4,4,4,4,3,3,3,3,3,3,3,3,3,3,3,3,3,2
231,0,23,3,2,5,5,5,5,5,5,5,4,5,5,5,5,6,5,5,5,5,6,5,5,5,5,3,4,4,4,4,5,5,5,2,2,2,5,5,5,3,3,4,5,5,5
232,0,26,4,3,5,5,4,5,5,5,5,5,5,5,5,4,5,4,5,5,5,5,5,5,5,5,4,4,4,4,4,4,5,5,2,2,2,5,5,6,3,3,3,5,5,5
233,1,26,4,3,5,5,5,5,5,5,5,5,5,5,5,5,5,5,5,5,5,5,5,5,5,5,5,5,4,4,4,4,5,5,2,1,2,5,5,5,3,3,3,5,5,5
234,0,22,1,1,5,5,5,5,5,5,5,6,5,5,5,5,5,6,5,5,5,5,5,5,5,5,4,4,4,4,4,4,5,5,1,2,2,5,5,5,3,3,3,5,5,5
235,1,23,5,3,5,5,5,5,5,5,5,4,5,5,5,4,5,5,5,5,5,5,5,6,5,5,4,4,4,4,5,4,5,5,2,3,2,5,5,5,3,3,3,6,5,5
236,0,30,4,2,6,5,5,5,5,5,5,5,5,5,4,5,3,3,3,3,3,5,5,5,5,5,5,5,5,5,5,3,4,5,3,2,3,4,3,3,3,3,3,5,5,5
237,0,23,1,3,6,5,5,5,5,5,5,5,5,5,5,5,3,3,3,3,3,5,5,5,5,5,5,5,5,4,5,3,3,5,3,3,3,3,3,3,3,3,4,5,4,5
238,0,30,4,3,6,5,5,6,5,5,6,5,5,5,5,5,3,3,2,3,3,5,5,5,5,5,5,5,4,5,5,3,3,5,3,3,3,2,4,3,3,2,3,5,5,5
239,0,33,4,3,6,6,5,5,5,4,5,5,5,5,5,5,3,3,3,3,3,5,5,5,4,5,5,5,5,5,5,3,3,5,3,3,3,3,3,3,3,3,3,5,5,4
240,0,29,4,2,6,5,5,5,5,5,6,5,5,5,5,5,2,4,3,3,3,5,5,5,5,5,5,5,5,5,5,3,3,5,3,3,3,3,3,3,3,3,3,5,5,5
241,0,27,4,3,7,5,5,5,5,5,5,5,5,4,6,5,5,5,5,5,4,3,3,3,3,3,3,3,3,4,3,5,5,3,3,3,4,5,5,5,2,3,3,3,3,3
242,0,25,5,3,7,5,5,5,5,5,5,5,5,4,5,5,5,5,5,4,5,3,3,3,3,3,3,3,3,3,3,5,5,3,3,3,3,5,5,5,3,2,3,2,3,3
243,1,19,3,2,7,5,5,5,5,5,5,6,5,4,5,5,5,6,5,5,6,3,3,3,3,3,3,3,3,4,3,5,5,3,3,3,3,5,5,5,3,3,3,3,3,3
244,1,24,2,3,7,5,5,5,5,5,5,6,5,5,4,5,5,5,5,5,5,3,3,3,3,3,4,3,3,3,3,5,5,4,3,3,4,5,5,5,3,3,3,3,3,3
245,1,24,4,2,7,5,5,5,5,5,5,5,5,5,5,5,5,5,5,5,5,3,3,3,3,3,3,2,3,3,3,5,5,3,3,3,3,5,5,6,3,3,3,3,3,3
246,1,27,4,1,8,3,3,3,3,3,3,3,3,3,4,3,4,3,3,3,3,3,3,3,3,4,4,4,4,4,4,4,3,3,3,3,2,3,3,3,3,3,3,4,3,3
247,1,19,4,1,8,3,4,3,3,3,3,3,3,3,3,3,3,3,3,3,3,3,4,3,3,3,3,4,4,4,4,4,3,3,3,3,3,3,3,3,3,3,3,3,3,3
248,0,31,4,1,8,3,3,2,3,3,3,3,3,3,3,3,3,3,3,3,3,3,3,3,3,3,4,4,4,4,4,4,4,3,4,3,3,3,3,3,3,3,3,3,3,2
249,1,36,4,2,8,3,3,3,3,3,3,3,2,3,3,3,3,3,3,3,3,3,3,3,3,3,3,4,4,4,4,4,3,3,3,3,3,3,3,3,4,3,3,3,4,2
250,0,23,4,3,8,3,3,3,3,3,3,3,3,3,3,3,3,3,3,3,3,3,3,3,3,3,4,4,4,4,4,4,3,3,3,3,3,3,3,3,3,2,3,4,3,3
251,0,31,4,2,5,5,5,6,5,5,5,5,5,5,5,5,6,5,5,5,6,5,5,5,5,5,4,5,4,4,4,4,5,5,2,2,2,5,5,5,3,3,4,5,5,5
252,0,32,4,3,5,5,5,5,6,5,5,5,5,5,5,5,5,5,5,5,5,5,5,5,5,5,4,4,4,4,4,4,5,5,2,2,2,5,5,5,3,3,3,5,4,5
253,0,23,4,1,5,5,5,5,4,5,5,5,5,5,5,5,5,5,6,6,5,5,5,5,5,5,4,4,4,4,4,4,5,5,2,2,2,5,5,5,3,3,3,5,5,5
254,0,21,4,1,5,5,5,6,5,5,5,5,5,5,5,5,6,5,5,6,5,5,5,5,5,5,4,4,4,4,4,4,5,5,2,2,2,5,5,5,3,3,2,5,5,5
255,1,29,4,3,5,5,5,5,5,5,5,5,5,5,5,5,5,5,5,5,5,5,5,5,5,5,4,4,4,4,4,4,5,5,2,2,2,5,5,4,3,3,3,5,4,5
256,1,24,4,2,6,5,5,5,5,5,5,5,6,5,5,5,3,3,3,3,3,5,5,5,5,6,5,6,5,5,5,3,3,5,3,3,3,3,3,2,3,3,3,5,5,6
257,1,25,4,3,6,5,5,5,5,5,5,5,5,5,5,6,3,3,3,3,4,5,5,5,5,4,5,5,5,5,5,3,4,5,3,3,3,3,2,4,3,3,2,5,5,5
258,1,30,4,3,6,5,6,5,5,6,5,5,5,5,5,5,3,2,3,3,3,6,5,5,5,5,5,5,5,5,5,2,3,5,3,3,3,4,2,3,3,3,3,5,5,5
259,1,32,4,2,6,5,4,5,5,5,5,4,5,5,5,5,4,3,3,3,3,5,5,4,5,5,5,5,5,5,5,3,3,5,3,3,3,3,3,3,3,3,3,5,5,5
260,1,28,4,3,6,5,5,5,5,5,5,5,5,5,5,5,3,3,3,3,3,5,5,5,5,5,5,5,5,5,5,3,3,5,3,3,3,3,3,3,3,3,3,5,5,5
261,1,26,3,3,7,4,4,4,4,4,4,4,4,4,4,4,4,4,4,4,4,4,4,4,4,4,4,4,4,5,4,4,4,4,5,4,4,4,5,4,4,4,4,4,4,4
262,1,17,4,3,7,4,4,4,5,4,5,4,4,4,4,4,4,4,4,4,4,4,4,4,4,4,5,4,4,4,4,4,4,4,5,4,4,4,4,4,4,4,5,4,5,4
263,1,32,4,2,7,3,4,4,4,4,4,4,4,4,4,4,4,4,4,4,4,4,4,4,4,5,4,4,4,4,4,4,4,4,4,3,4,4,4,4,4,4,4,4,4,4
264,0,18,4,3,7,4,4,4,4,5,4,4,4,4,4,4,5,4,4,3,4,4,4,4,4,4,4,4,4,4,4,4,4,4,4,4,4,4,4,5,4,4,4,4,4,4
265,0,29,4,3,7,4,4,4,4,4,4,4,4,4,4,4,4,4,4,4,4,4,4,4,5,4,4,4,4,4,4,4,4,4,4,4,4,4,4,4,4,4,4,4,4,4
266,1,29,4,1,8,4,4,4,4,4,4,4,4,3,4,4,4,4,4,4,4,4,4,4,4,4,4,4,4,4,4,4,4,4,4,4,4,4,4,4,4,4,4,4,4,4
267,1,23,4,1,8,4,4,4,4,4,4,4,4,4,4,4,5,4,4,4,4,4,4,4,4,4,4,4,5,4,4,4,4,4,4,4,4,4,4,4,4,4,4,4,4,4
268,0,28,1,1,8,4,4,4,4,4,4,4,4,4,4,4,4,4,4,3,4,4,4,4,3,3,4,5,4,4,4,4,4,4,4,4,4,4,4,4,4,4,4,4,4,4
269,0,29,4,1,8,4,4,4,4,4,4,4,4,4,4,4,4,4,4,4,4,4,4,4,4,4,4,4,4,3,4,4,4,4,4,4,4,4,4,4,4,4,4,4,4,4
270,0,37,4,3,8,4,4,4,4,4,4,4,4,3,4,4,4,4,5,4,4,5,4,4,4,4,4,4,4,4,4,4,4,4,4,4,4,4,3,4,4,4,4,4,4,4
271,0,22,4,1,0,4,3,5,4,2,4,4,3,4,2,3,5,4,4,3,5,5,4,4,3,5,4,2,3,4,5,4,4,3,4,3,4,5,2,6,4,6,2,3,3,4
272,0,16,2,1,0,3,2,4,4,6,6,3,3,4,4,6,3,4,4,5,5,4,3,3,4,5,5,5,3,4,2,5,4,4,4,3,3,3,3,3,5,5,6,3,5,4
273,1,25,4,3,0,4,5,5,4,5,4,5,4,2,3,6,5,6,4,4,6,4,3,3,2,3,4,3,4,4,4,4,5,3,4,4,4,3,4,6,3,3,5,4,5,4
274,1,22,4,3,0,2,3,5,5,2,3,3,7,5,6,3,2,4,5,3,4,5,4,5,1,4,3,4,3,3,4,4,6,2,3,4,3,5,4,5,4,4,5,3,4,3
275,0,19,4,2,0,4,4,4,4,4,4,3,4,5,4,5,4,4,4,3,4,5,4,4,4,5,5,5,4,5,4,3,4,5,5,4,5,4,4,3,3,3,5,4,5,5
276,0,22,3,2,0,3,4,2,3,2,2,4,5,4,4,4,3,3,5,2,2,4,4,5,4,4,5,5,1,6,4,2,4,3,4,5,3,5,5,4,3,6,5,3,5,5
277,0,27,4,2,0,3,3,5,4,4,3,6,3,5,4,5,4,2,4,4,5,3,4,3,4,4,5,4,5,3,3,4,4,5,4,4,3,4,5,2,6,4,7,4,5,3
278,0,24,4,1,0,3,4,4,4,4,4,4,2,5,4,5,4,2,5,3,7,2,3,4,7,4,3,5,3,4,5,4,4,4,5,3,3,6,3,4,5,3,4,2,3,4
279,1,20,4,2,0,5,5,4,5,6,5,4,4,5,4,4,5,4,4,3,4,1,6,5,5,4,3,3,4,5,6,5,4,4,5,4,5,3,4,5,4,3,4,5,4,4
280,1,21,2,1,0,4,2,4,3,5,6,3,2,4,5,5,4,4,4,5,5,7,5,3,3,4,5,3,4,3,6,3,2,2,4,4,3,5,5,3,5,4,4,5,4,2
281,1,27,4,3,1,4,3,3,4,4,4,4,2,3,6,3,5,3,4,3,4,3,4,4,4,3,6,4,4,5,4,4,3,3,3,3,4,4,3,4,4,4,4,3,2,4
282,1,23,4,2,1,5,4,3,4,4,4,3,3,3,3,4,4,4,4,5,4,5,4,4,4,5,2,3,4,4,3,5,4,3,3,6,5,6,5,3,3,3,5,4,4,3
283,1,30,5,3,1,3,5,5,5,4,3,5,5,4,4,3,4,3,6,4,3,5,4,5,4,3,4,4,4,5,4,6,3,4,4,2,5,4,5,4,4,5,4,5,3,3
284,1,33,4,2,1,5,4,4,5,4,3,5,4,5,4,3,4,4,3,3,3,5,6,5,4,4,5,3,4,4,3,3,5,5,3,6,5,5,2,4,2,3,6,6,5,4
285,0,23,4,2,1,7,5,4,4,5,4,7,6,4,4,4,3,2,5,5,5,3,4,2,4,5,4,4,4,5,6,5,4,4,2,5,4,2,2,3,5,3,4,5,4,5
286,0,28,5,3,2,6,4,3,4,5,4,4,5,4,4,3,4,4,3,5,3,4,4,6,4,4,4,6,6,2,4,3,3,5,3,4,3,3,4,6,3,4,4,3,5,3
287,1,29,2,2,2,4,4,4,4,4,4,5,4,4,4,4,2,2,4,5,4,5,5,6,6,4,6,3,3,4,5,3,4,3,6,5,4,3,4,6,4,4,4,2,4,7
288,1,31,4,3,2,4,3,4,3,6,3,3,4,6,4,4,3,4,5,5,3,4,2,5,5,5,4,4,2,3,3,4,2,3,4,4,4,3,5,5,4,3,6,5,4,4
289,1,24,5,2,2,4,3,4,6,5,4,5,4,4,5,3,4,3,4,4,3,4,5,5,5,5,3,5,4,5,5,4,4,3,3,3,2,5,3,4,4,2,4,4,5,5
290,1,24,4,3,2,3,4,4,3,3,5,4,5,5,5,5,3,5,6,4,3,6,3,2,4,3,4,3,5,4,3,4,4,2,4,4,5,4,6,4,5,5,3,3,4,2
291,0,26,4,1,3,5,5,4,6,4,4,3,3,5,4,5,4,4,3,3,4,5,3,4,6,6,4,5,4,2,5,5,5,3,5,3,6,4,5,5,3,5,3,3,3,5
292,1,10,4,2,3,6,4,6,4,4,3,4,3,5,3,5,4,3,3,4,5,3,4,4,3,3,4,6,2,4,4,2,3,2,4,5,3,4,3,5,4,5,4,5,5,2
293,0,20,4,3,3,5,3,3,5,4,5,3,4,4,4,2,5,4,4,6,4,6,3,4,6,3,5,4,4,4,5,3,3,3,6,6,5,5,4,2,3,4,5,3,2,3
294,1,22,3,2,3,2,4,4,4,5,2,4,5,4,5,5,5,5,4,5,3,4,3,3,3,5,5,5,6,3,3,4,5,3,3,4,4,4,5,3,4,3,5,3,4,4
295,0,28,4,2,3,2,5,3,3,5,3,4,3,2,3,3,3,3,4,4,3,5,5,4,4,3,3,3,4,3,4,5,5,4,4,5,2,4,4,4,5,4,4,3,4,4
296,1,24,4,1,4,3,3,4,4,4,7,3,5,4,7,4,3,4,4,3,4,4,5,4,2,5,1,4,4,4,6,2,3,5,2,4,4,4,3,5,5,4,3,4,6,3
297,1,19,4,3,4,3,2,4,4,4,4,3,5,4,3,4,5,4,6,3,3,3,4,3,3,3,4,3,6,2,3,5,2,6,5,4,5,4,4,5,4,4,3,3,3,3
298,1,20,5,2,4,3,3,3,4,6,4,4,4,3,3,3,3,4,4,4,3,4,3,2,6,5,5,4,4,4,2,5,3,5,5,3,4,4,3,5,4,5,5,4,4,3
299,1,29,4,3,4,3,3,4,3,6,3,3,4,3,4,5,2,5,6,5,4,4,3,4,2,3,3,5,6,2,4,2,3,4,5,6,4,4,3,3,2,5,4,5,6,4
300,1,28,4,2,4,4,4,5,4,4,5,3,5,4,7,5,3,4,5,4,3,6,4,4,3,3,4,2,1,4,5,4,4,2,5,4,5,4,5,4,3,5,3,4,4,4
301,1,16,5,3,5,6,7,6,6,6,6,6,6,6,6,6,6,6,6,6,6,2,2,2,2,2,2,2,2,2,2,7,6,3,2,2,2,6,6,7,2,2,2,2,1,2
302,1,23,4,3,5,6,6,6,6,6,6,6,7,6,6,6,7,6,6,6,6,2,2,2,2,2,2,2,2,2,2,6,6,2,2,2,2,6,6,6,2,2,2,3,2,2
303,0,25,3,1,5,6,6,6,6,6,6,6,6,6,6,6,7,6,5,6,6,2,2,2,2,2,2,2,2,2,2,6,6,2,2,3,2,6,6,6,2,2,2,2,2,2
304,1,31,4,3,5,6,6,6,5,6,6,6,6,6,6,6,6,6,6,6,6,2,2,2,2,2,1,2,2,2,2,6,6,1,2,2,2,6,6,6,2,2,2,2,2,2
305,1,27,4,3,5,6,6,6,6,6,6,6,6,6,6,6,6,6,6,5,6,2,2,2,2,2,2,2,2,2,2,5,6,2,2,2,2,6,6,6,2,2,2,2,2,2
306,0,27,4,3,6,2,2,2,2,2,2,2,2,2,2,2,2,2,2,2,2,2,2,2,2,2,4,4,4,4,5,4,2,2,2,2,2,2,2,2,2,2,2,2,2,2
307,1,22,4,1,6,2,2,2,2,2,2,2,2,2,2,2,2,2,2,2,2,2,2,2,2,2,4,4,4,4,4,4,2,2,2,2,2,2,2,2,2,2,2,2,2,2
308,0,21,4,2,6,2,2,2,2,2,2,2,2,2,2,2,2,3,2,2,1,2,1,2,2,2,4,4,4,4,4,4,2,2,2,2,2,2,2,2,2,1,2,2,1,3
309,0,32,4,2,6,2,2,2,2,2,2,2,2,2,2,2,2,2,2,2,2,2,2,2,2,2,4,4,5,4,4,4,2,2,2,2,2,2,3,2,2,2,2,3,2,2
310,1,36,4,3,6,2,3,2,2,2,2,2,2,2,2,2,2,2,2,3,2,2,2,2,2,2,4,4,4,4,4,4,2,2,2,2,2,2,2,2,2,2,2,2,2,2
311,0,23,4,2,7,6,6,6,6,6,6,6,6,5,6,5,6,6,6,6,7,6,6,6,6,6,3,4,3,4,4,4,6,6,2,2,2,6,6,6,2,2,2,6,6,7
312,1,19,4,3,7,6,6,6,6,6,6,6,6,6,6,6,6,6,6,6,6,6,6,7,6,6,4,4,4,4,4,4,6,6,2,2,2,6,6,6,3,2,2,6,6,5
313,0,23,4,2,7,6,6,6,6,6,7,5,6,7,6,6,6,7,6,6,6,6,6,6,6,6,4,4,4,4,4,4,6,6,2,2,2,6,6,6,2,2,1,6,6,6
314,0,25,4,2,7,7,6,6,6,6,6,6,6,6,6,6,6,6,6,6,6,6,6,6,6,6,5,4,4,4,4,4,6,6,2,2,2,6,6,6,2,2,2,6,6,6
315,1,26,4,1,7,6,6,6,6,6,6,6,6,6,6,6,6,6,6,6,6,6,6,5,6,6,4,4,4,4,4,3,6,6,2,2,2,6,6,6,2,2,2,6,6,6
316,1,33,2,1,8,6,6,6,6,6,6,5,6,6,6,6,2,2,2,2,2,5,6,6,6,6,6,6,6,6,6,2,2,6,2,2,2,2,2,2,1,2,1,6,6,6
317,0,22,4,1,8,6,6,5,6,6,6,6,7,6,6,6,2,2,2,2,2,6,6,6,6,6,6,6,6,6,6,2,2,6,2,2,2,2,2,2,2,2,1,6,6,6
318,0,31,3,1,8,6,6,6,6,6,6,6,6,6,6,6,2,2,2,2,2,6,6,6,6,6,6,6,6,6,6,2,2,6,2,3,2,2,2,1,2,2,2,6,6,6
319,0,24,4,3,8,6,6,6,6,6,6,6,6,6,5,6,2,2,2,2,2,7,7,6,6,6,6,6,6,6,6,2,2,6,2,2,2,2,2,2,2,2,2,6,6,7
320,0,26,4,3,8,6,6,6,6,6,6,6,7,6,6,6,2,2,2,2,2,5,6,6,6,6,6,6,6,6,6,2,3,6,2,2,2,2,2,2,2,2,2,6,6,6
321,1,28,4,3,5,5,5,5,5,5,5,5,5,5,5,5,5,5,5,5,5,3,3,3,3,3,3,3,3,2,3,5,5,3,3,3,3,5,5,5,3,3,3,2,3,4
322,1,34,2,3,5,5,5,5,5,6,5,5,5,5,4,5,5,5,5,5,5,3,3,3,3,3,3,4,4,3,3,5,5,3,3,3,3,5,5,5,3,3,3,3,2,4
323,1,31,4,2,5,5,5,5,6,5,6,5,5,5,5,5,5,6,5,5,5,3,3,4,3,3,4,3,3,3,3,6,5,3,3,3,3,5,5,5,3,3,3,3,2,3
324,1,23,4,3,5,5,6,5,5,5,4,5,5,5,5,5,5,5,5,5,5,4,3,3,3,3,3,3,3,3,3,5,5,3,3,3,3,5,5,5,3,3,3,3,4,3
325,0,27,4,3,5,5,5,5,5,5,5,6,5,5,5,5,6,5,5,6,5,3,3,3,3,3,3,3,3,3,3,5,5,4,2,3,3,5,5,5,3,3,3,3,3,3
326,0,30,4,3,6,3,3,4,3,3,4,3,3,2,3,3,3,3,3,3,3,3,3,3,3,4,4,4,4,4,4,3,3,3,3,3,3,3,3,3,3,3,3,3,3,3
327,1,29,2,1,6,3,3,3,2,2,2,3,3,3,3,3,3,3,3,3,3,3,3,3,3,3,4,4,4,4,4,4,3,3,3,3,2,3,3,3,3,3,3,3,3,3
328,1,23,3,2,6,3,3,3,3,3,3,3,3,3,3,3,3,3,3,3,3,3,3,2,3,3,4,4,4,4,5,5,3,3,3,3,3,3,3,4,3,3,3,3,3,3
329,0,30,4,1,6,3,3,3,3,3,3,2,4,3,3,3,3,3,3,3,3,3,3,3,3,3,3,4,4,4,4,4,3,3,3,3,3,3,3,3,3,3,3,3,2,3
330,1,29,4,3,6,3,3,3,3,3,3,3,3,3,3,3,3,3,4,3,3,2,3,4,3,3,4,4,4,4,4,4,3,2,3,3,3,3,3,3,3,3,3,3,3,3
331,1,20,5,2,7,5,5,5,5,5,5,5,5,5,5,5,5,5,4,5,5,5,5,5,5,5,4,4,4,3,4,4,5,5,2,2,2,5,5,5,3,3,3,5,5,5
332,0,33,4,2,7,5,5,5,5,5,5,5,5,5,5,5,5,5,5,4,5,5,5,5,5,5,4,4,4,4,5,4,5,5,2,1,2,5,5,5,3,3,3,5,5,4
333,1,27,4,3,7,5,5,5,5,5,5,5,5,5,5,5,5,5,5,5,5,5,4,5,5,5,4,5,5,4,4,4,5,4,2,2,1,4,5,5,3,3,3,5,6,5
334,0,32,3,3,7,5,5,5,5,5,5,5,5,5,5,5,5,5,5,5,5,5,5,5,5,5,4,4,4,4,4,4,5,5,2,2,2,5,5,5,3,3,3,5,5,5
335,1,26,1,1,7,5,5,5,5,5,5,5,5,5,5,5,5,5,5,5,5,5,4,5,5,5,4,4,4,4,4,4,5,5,2,2,2,5,5,5,3,4,3,5,5,5
336,0,35,4,3,8,5,6,5,5,5,5,5,5,5,5,5,3,3,3,3,3,5,5,5,5,5,5,5,5,5,5,3,3,5,3,3,3,3,3,3,3,3,3,5,5,5
337,0,23,4,2,8,5,5,5,5,5,5,5,5,5,5,5,3,3,3,3,3,5,5,5,5,5,5,4,4,5,5,3,3,5,2,3,3,3,3,3,3,3,3,5,5,5
338,1,36,5,3,8,5,5,5,4,5,5,5,5,5,5,5,3,3,3,3,3,5,5,5,5,5,5,5,4,5,5,3,4,5,3,3,3,3,3,4,3,3,3,5,5,5
339,0,26,3,3,8,5,5,5,5,5,5,5,5,5,5,5,3,2,2,3,3,5,5,5,5,5,5,5,5,6,5,3,3,5,3,3,3,3,3,3,3,3,3,5,5,5
340,0,32,2,2,8,5,5,5,5,5,5,5,5,5,5,5,3,3,3,3,3,5,5,5,5,5,5,5,5,6,5,3,3,5,3,3,3,3,4,3,3,2,3,5,5,5
341,1,34,5,3,0,5,5,5,5,5,5,5,5,5,5,5,5,5,5,5,5,3,3,4,3,3,3,3,3,3,3,5,5,3,3,3,3,5,5,5,3,3,3,3,3,3
342,0,17,4,1,0,5,5,5,5,5,5,5,5,5,6,5,5,6,5,5,5,3,3,3,3,3,3,3,3,3,3,5,5,3,3,3,3,5,5,5,3,3,3,3,3,3
343,1,19,3,2,0,5,5,5,5,5,5,5,5,5,5,5,5,5,5,5,5,3,3,3,3,3,3,3,3,3,2,5,5,3,2,2,3,5,5,5,3,3,3,3,3,3
344,0,23,4,1,0,5,5,5,5,5,5,5,5,5,6,5,5,5,5,6,5,3,3,3,3,3,3,3,3,3,3,5,5,3,3,3,3,5,5,5,3,3,3,3,3,3
345,1,23,3,2,0,5,5,5,5,5,5,5,5,5,5,5,5,5,5,5,5,3,3,3,3,3,4,3,3,3,3,5,5,3,3,3,3,5,5,5,3,3,3,3,3,3
346,0,25,4,2,0,3,3,3,3,3,3,3,3,4,3,4,3,4,3,3,3,3,3,3,3,3,4,4,4,4,4,4,3,3,3,3,3,3,3,3,3,3,3,3,3,4
347,0,27,3,3,0,3,3,3,3,3,3,3,3,3,3,3,3,3,3,3,3,3,3,3,3,3,4,4,4,4,4,4,3,4,3,3,3,4,3,3,3,4,3,3,3,3
348,0,30,5,3,0,3,2,3,3,3,3,3,3,2,3,3,3,3,3,3,3,3,3,3,3,3,4,4,3,4,4,4,4,3,3,3,3,3,3,3,3,3,3,3,3,3
349,0,23,5,1,0,3,3,3,3,3,3,3,3,3,3,3,3,3,3,3,3,3,3,3,3,3,4,4,4,4,4,4,3,3,3,3,3,3,3,3,3,3,3,3,2,3
350,1,33,1,1,0,3,2,3,3,3,3,3,3,3,3,3,2,3,3,4,3,3,3,3,3,3,4,4,4,4,4,4,3,3,3,3,3,3,3,3,3,3,3,3,2,3
351,0,23,4,1,1,5,5,5,5,5,5,5,5,5,5,5,5,5,5,5,5,5,5,5,5,5,4,4,4,4,4,4,5,5,2,1,2,5,5,5,3,3,3,5,6,5
352,1,30,4,1,1,5,5,5,4,5,5,5,5,5,5,5,5,5,5,5,5,5,5,5,5,5,4,4,4,4,4,4,5,5,2,2,2,5,5,5,3,3,3,6,5,4
353,0,18,4,2,1,5,5,5,5,5,5,5,5,5,5,5,5,5,5,5,5,5,4,5,5,5,4,4,4,4,4,4,5,5,2,2,2,5,5,5,3,3,3,5,5,5
354,1,18,4,2,1,5,5,5,5,5,6,5,5,5,5,5,5,5,5,5,5,5,5,5,5,5,4,5,4,4,4,4,5,4,2,2,2,5,5,5,3,3,3,5,5,5
355,0,32,4,3,1,5,5,5,5,5,6,5,5,5,5,6,5,5,5,5,6,5,5,5,5,5,3,4,4,4,4,4,5,5,2,2,2,5,5,5,3,3,3,5,5,5
356,0,24,2,2,2,6,5,5,5,5,5,5,5,5,5,5,3,3,3,3,3,5,5,5,5,5,5,5,5,5,5,3,3,5,3,3,3,3,3,3,3,3,3,5,5,5
357,0,24,2,3,2,5,5,5,5,5,5,4,5,5,5,4,3,2,3,3,3,5,5,5,5,5,5,5,5,6,5,3,3,5,3,3,3,3,3,3,3,3,3,5,5,5
358,0,15,3,3,2,4,5,5,5,5,5,5,5,5,5,5,3,3,3,3,4,5,5,4,5,4,5,5,4,4,5,3,3,5,3,3,3,3,3,3,3,3,3,5,5,5
359,1,21,1,1,2,5,5,5,5,5,5,5,5,5,5,5,3,3,3,3,2,5,5,5,5,5,6,5,5,5,5,3,3,5,3,3,3,3,3,3,3,3,3,5,5,5
360,0,22,4,2,2,6,5,5,5,5,5,5,5,5,5,5,3,3,3,3,3,5,5,4,5,5,5,5,5,5,5,3,3,5,3,2,3,3,3,3,3,3,3,5,4,5
361,1,32,4,3,3,3,4,4,3,4,5,5,4,4,4,4,3,4,4,4,5,4,4,4,4,4,4,4,4,4,4,4,4,4,4,4,4,3,4,4,4,4,4,4,4,5
362,1,27,3,2,3,4,4,4,4,4,3,4,4,4,4,4,4,4,4,4,4,4,4,4,4,4,4,4,4,4,4,4,4,4,4,4,4,4,4,4,4,3,4,4,4,4
363,1,23,1,3,3,4,4,4,4,4,4,4,4,3,4,4,4,4,4,4,4,4,4,4,4,4,5,4,4,4,4,4,4,4,4,4,4,4,4,3,4,4,4,3,4,4
364,1,28,4,1,3,4,4,4,4,4,4,4,5,4,4,4,4,4,4,4,5,4,4,5,5,4,5,4,4,4,4,4,4,4,5,4,4,3,4,4,4,4,4,4,4,4
365,0,34,4,1,3,4,4,4,4,4,4,4,4,4,4,4,4,4,4,4,4,4,4,4,4,5,4,4,4,4,4,4,4,4,4,3,4,4,4,4,4,4,4,4,4,4
366,0,29,4,3,4,4,4,4,4,4,4,4,3,4,4,4,4,4,4,4,4,4,4,4,4,4,4,4,4,4,4,4,4,4,5,3,5,4,4,4,4,4,4,4,5,4
367,0,26,5,1,4,4,4,4,4,4,4,4,4,4,4,5,4,4,3,4,4,4,4,4,4,4,4,4,4,4,4,4,4,5,4,4,4,4,4,4,4,4,4,4,4,4
368,1,27,5,2,4,4,4,4,4,4,4,4,3,4,4,4,4,4,4,4,4,4,3,4,4,4,4,3,4,4,4,4,5,5,4,4,4,4,4,4,4,5,4,4,5,5
369,0,36,2,3,4,4,4,4,4,4,4,4,4,4,4,4,4,4,4,4,5,5,4,4,4,4,4,4,4,5,4,4,4,4,4,4,4,4,4,4,4,5,4,4,3,4
370,0,22,2,3,4,4,4,4,4,4,3,4,4,4,3,4,4,4,4,4,4,4,4,4,4,4,4,4,4,4,4,4,4,4,4,4,4,4,4,4,4,4,4,4,4,4
371,1,23,4,2,5,4,3,5,4,3,5,5,5,2,3,3,4,5,5,6,3,3,5,3,5,4,3,3,3,4,2,6,4,3,5,4,5,5,5,4,5,5,4,5,2,5
372,0,26,4,3,5,4,5,5,5,3,4,4,6,5,5,4,4,4,6,6,3,2,5,2,5,5,5,4,5,4,4,4,4,4,2,3,6,4,6,3,4,5,6,3,4,3
373,1,32,3,1,5,4,4,3,5,5,6,3,4,3,5,4,3,4,4,5,3,4,5,5,4,4,5,4,2,2,2,4,5,3,3,7,5,4,5,5,4,5,4,4,4,3
374,0,20,4,1,5,3,3,4,4,4,4,5,5,2,4,5,5,3,5,5,5,5,3,2,3,3,4,6,3,4,5,3,5,4,2,4,4,6,4,3,3,5,5,2,4,5
375,1,21,3,3,5,5,4,2,3,4,6,4,5,4,4,6,4,3,4,3,5,6,5,6,3,5,3,5,4,6,3,4,4,3,3,4,3,6,4,5,5,3,4,4,3,5
376,0,17,4,1,6,1,5,5,3,4,3,3,6,3,5,5,5,3,4,5,5,4,3,5,3,4,4,5,3,5,3,4,5,3,6,4,5,4,4,1,5,3,5,4,5,3
377,0,25,4,3,6,5,5,5,4,4,5,3,5,2,3,3,5,5,4,4,4,5,3,4,3,6,5,3,4,6,5,5,5,5,2,3,4,4,4,4,3,3,1,3,5,4
378,1,30,4,2,6,2,5,4,3,5,3,5,5,6,4,5,5,4,3,5,4,4,5,3,4,4,4,5,3,6,3,5,4,4,3,3,4,5,5,4,3,6,6,2,4,5
379,0,34,4,1,6,5,4,4,3,5,4,3,5,3,4,4,5,3,4,2,3,4,3,5,6,5,5,4,3,3,3,5,5,5,5,5,4,5,2,5,3,5,4,4,6,5
380,1,24,4,2,6,4,4,3,2,3,5,5,5,5,3,2,5,4,4,4,3,4,3,4,3,5,4,3,4,6,3,5,3,3,4,4,3,3,4,5,3,3,6,3,6,4
381,1,26,5,3,7,4,4,4,6,3,5,4,5,4,5,5,5,3,4,4,3,5,3,5,3,5,4,4,6,3,3,3,5,4,4,4,2,4,3,4,5,6,4,5,3,3
382,1,25,4,2,7,3,2,2,5,3,4,2,5,5,4,4,5,5,4,5,5,5,4,4,6,2,4,4,4,5,3,5,6,4,4,2,4,5,5,3,4,5,3,2,3,5
383,1,26,4,1,7,3,3,5,3,2,4,5,5,4,6,4,3,3,5,3,4,4,4,5,5,4,3,6,4,5,2,2,4,4,4,5,5,4,5,4,4,5,4,5,4,5
384,0,23,4,1,7,4,4,4,3,5,3,3,3,4,5,4,5,5,4,7,3,3,4,4,5,5,5,4,3,5,5,3,4,4,2,3,6,5,4,5,6,3,4,4,4,4
385,0,28,4,3,7,3,5,5,3,4,4,4,6,4,4,3,2,5,2,5,5,5,4,5,5,3,5,4,5,5,3,4,2,6,4,3,3,3,3,6,5,4,4,4,4,4
386,1,20,4,1,8,4,3,4,3,5,4,5,5,2,3,5,3,6,4,5,4,4,4,4,6,4,3,3,5,2,3,5,4,3,4,3,2,5,3,2,3,3,4,5,4,5
387,1,26,4,1,8,5,6,4,3,5,4,6,5,3,5,2,4,4,6,5,5,6,3,3,3,4,4,3,6,2,5,4,3,3,5,4,4,3,5,3,6,3,6,3,2,3
388,0,29,4,2,8,5,4,4,3,2,3,4,4,5,5,4,4,6,3,3,5,5,4,5,4,4,4,4,5,4,4,3,4,5,5,3,3,5,4,6,3,4,6,2,5,5
389,1,28,4,2,8,4,5,3,5,3,5,3,4,3,2,5,5,5,5,5,5,5,5,3,3,6,5,2,5,4,4,4,3,6,3,5,4,3,4,4,5,6,4,3,4,4
390,0,20,4,3,8,3,3,4,4,2,3,3,5,5,4,5,4,4,4,3,3,6,4,5,3,3,4,3,3,3,4,4,4,6,2,3,4,4,5,3,3,5,2,4,5,4
391,0,20,4,2,5,4,3,3,3,5,4,4,4,5,5,3,4,3,3,4,4,4,4,5,5,4,4,5,3,2,2,5,3,1,5,5,4,4,4,4,3,4,3,4,4,3
392,0,23,1,1,5,4,4,3,5,3,3,3,3,3,3,2,6,4,4,4,4,3,4,3,4,4,3,5,4,2,4,5,3,3,3,3,3,5,2,2,4,5,2,4,4,4
393,1,23,1,1,5,3,5,4,6,5,3,4,4,3,5,4,4,5,4,4,5,2,4,5,5,4,4,3,4,4,2,4,5,3,3,5,5,5,4,5,5,4,4,4,3,2
394,1,17,4,3,5,6,5,5,4,3,6,6,4,5,4,4,3,3,4,4,4,4,6,5,1,3,4,3,5,4,4,4,5,4,3,3,5,5,5,3,4,3,4,2,3,4
395,0,25,4,1,5,3,5,5,6,5,4,3,4,3,7,4,4,3,2,3,5,4,2,4,5,4,4,6,2,5,2,5,4,4,3,3,4,4,2,4,2,4,2,6,6,5
396,0,34,1,3,6,5,4,4,5,5,2,4,4,3,2,5,5,4,3,4,5,3,5,4,5,4,4,4,2,4,4,3,5,4,4,4,3,4,3,4,4,6,5,5,3,5
397,0,19,4,1,6,5,4,3,6,5,4,6,4,4,3,3,2,5,5,4,4,6,3,5,4,3,4,2,3,5,3,4,5,4,5,4,3,5,4,2,6,3,4,4,5,4
398,0,29,4,1,6,6,4,5,4,3,3,3,4,4,5,5,4,5,5,5,2,4,2,5,4,4,4,3,5,3,3,3,4,4,4,4,5,5,5,4,4,3,4,3,2,4
399,0,22,4,2,6,4,4,4,5,4,4,4,3,5,4,4,5,4,4,4,3,2,4,3,3,3,5,3,3,4,5,4,5,4,4,3,3,2,3,5,2,6,3,3,5,4
400,1,26,4,2,6,3,4,5,0,4,6,3,2,4,3,6,4,5,4,6,3,2,3,4,6,4,3,4,5,4,3,4,3,4,1,3,4,4,5,5,4,3,3,4,4,4
