index,totalseconds,Gender,Age,Edu,Marriage,ASC1,ASC2,ASC3,ASC4,ASC5,T1,OSC1,OSC2,OSC3,OSC4,OSC5,OSC6,OSC7,RD1,RD2,RD3,RD4,RD5,T2,POS1,POS2,POS3,POS4,POS5,POS6,T3,LS1,LS2,LS3,LS4,LS5,SCD,USC,DSC,totalvalue
1,162,2,26,4,2,2,4,6,2,1,1,3,4,2,3,6,1,2,6,7,4,7,5,6,2,1,4,6,5,2,1,5,3,4,5,1,4,2,2,119
2,169,2,24,5,1,6,7,6,5,6,1,6,6,5,7,6,6,7,7,4,5,5,7,6,4,5,5,6,5,6,1,6,6,6,7,1,6,7,2,181
5,161,2,32,4,2,4,6,4,3,5,1,4,4,5,5,4,3,5,5,3,2,5,6,6,3,2,3,3,2,3,1,3,3,4,1,1,4,5,4,122
6,173,1,27,4,2,3,2,1,2,1,1,2,5,5,6,4,3,2,5,3,1,3,1,6,4,3,4,6,4,4,1,3,4,5,2,1,4,3,4,108
7,239,2,48,4,2,5,6,6,6,4,1,5,6,4,5,6,6,7,6,1,1,2,3,6,5,5,5,6,2,5,1,7,6,7,6,7,5,4,1,158
8,180,1,35,4,2,6,5,6,4,6,1,6,5,6,5,6,5,6,5,6,5,6,6,6,4,5,5,6,5,6,1,6,4,4,6,3,4,5,5,170
10,221,1,38,3,2,6,7,6,5,3,1,5,6,7,6,5,2,3,6,4,2,5,4,6,3,2,1,6,4,2,1,2,3,3,5,1,6,5,2,135
11,162,2,19,4,1,2,2,4,4,3,1,4,3,3,3,4,4,4,5,5,3,5,4,6,2,2,2,2,2,2,1,2,3,4,4,2,5,4,2,108
12,166,2,34,5,2,7,5,6,5,6,1,6,7,6,4,5,5,7,1,2,1,2,1,6,5,6,7,6,5,6,1,5,6,7,6,5,7,7,1,163
13,186,2,47,3,2,4,4,6,5,4,1,4,3,5,6,6,5,4,5,4,4,6,5,6,3,2,3,5,3,3,1,2,3,3,4,2,4,5,4,134
14,213,1,20,4,1,5,4,5,5,6,1,5,6,3,5,5,6,6,5,4,4,6,7,6,5,5,4,4,5,5,1,5,3,2,3,5,6,5,2,154
17,232,2,36,4,2,3,5,6,2,5,1,5,3,2,3,6,2,4,5,2,4,2,5,6,1,3,4,3,2,4,1,2,4,2,1,1,4,3,4,110
19,181,1,33,5,2,3,5,3,4,6,1,5,3,3,5,6,7,5,2,3,2,3,3,6,5,3,4,3,2,2,1,2,2,3,4,5,5,4,3,123
20,366,1,33,2,1,3,4,5,2,2,1,1,1,4,4,6,6,5,4,2,2,4,3,6,2,1,1,1,1,2,1,1,2,4,1,1,2,4,5,94
21,186,2,31,4,2,4,5,6,5,4,1,6,3,7,7,6,6,6,7,7,6,7,7,6,2,3,3,5,4,3,1,3,3,4,3,1,5,6,3,155
25,341,2,45,3,2,5,6,6,6,7,1,6,5,6,6,6,6,7,6,5,4,5,5,6,5,6,6,6,5,6,1,6,6,6,5,6,6,6,1,181
26,342,1,55,4,2,4,6,5,4,4,1,4,5,5,6,5,5,4,5,2,1,5,3,6,1,1,2,3,2,2,1,1,1,1,1,2,4,4,4,110
27,158,2,27,4,1,5,6,4,5,6,1,4,5,6,5,4,6,5,4,3,4,6,4,6,4,3,5,4,5,4,1,3,4,4,5,4,5,4,1,145
29,160,2,26,4,1,4,4,5,4,3,1,4,4,5,5,6,5,4,3,2,1,4,1,6,3,2,4,4,2,4,1,5,4,5,5,4,6,3,2,125
31,356,1,32,4,2,3,5,6,5,6,1,5,6,5,6,7,5,6,7,3,3,5,5,6,3,4,4,5,3,4,1,4,3,3,4,3,5,6,2,149
32,165,2,48,4,2,5,6,6,4,6,1,6,6,4,4,7,5,5,6,4,5,6,5,6,3,1,2,6,4,3,1,3,3,4,5,2,6,6,2,148
35,186,1,34,5,2,7,6,5,6,7,1,6,5,6,7,5,7,6,2,1,3,2,1,6,5,6,7,5,6,7,1,5,6,7,6,7,7,7,1,172
38,170,1,31,4,2,4,5,5,5,6,1,6,5,5,6,4,5,5,6,5,6,5,6,6,5,6,5,5,4,6,1,5,5,6,4,5,4,5,4,166
39,238,2,35,2,2,3,4,5,2,1,1,2,3,4,5,5,4,2,3,2,1,6,5,6,2,1,2,2,2,3,1,2,2,1,3,1,4,4,3,97
40,186,2,42,3,2,2,4,3,2,3,1,3,2,3,4,5,2,1,5,4,2,5,4,6,3,2,1,2,3,2,1,3,2,3,2,1,5,3,2,96
41,188,2,21,4,1,7,3,2,6,4,1,4,5,3,1,6,4,5,3,5,4,5,5,6,1,1,2,6,2,1,1,1,1,1,1,4,6,4,5,116
42,190,2,33,4,2,2,6,6,7,6,1,7,6,7,6,7,7,6,2,2,1,2,1,6,6,7,7,6,5,7,1,6,7,7,6,6,2,2,6,169
43,197,1,27,5,1,1,1,5,3,2,1,3,3,3,4,4,4,4,6,4,2,5,4,6,3,3,3,4,2,2,1,2,2,2,2,1,5,3,2,102
44,203,2,26,4,2,5,6,5,4,5,1,5,6,6,6,7,4,4,5,4,2,2,1,6,4,4,5,3,3,5,1,5,6,6,4,1,6,6,5,148
45,277,1,32,5,2,5,3,4,2,4,1,3,5,7,6,6,7,3,6,4,3,6,3,6,2,5,4,2,1,5,1,5,5,6,5,1,7,6,2,141
47,172,2,22,4,1,4,6,6,5,3,1,4,5,5,6,6,3,5,5,4,3,5,3,6,2,3,3,4,3,3,1,4,3,4,3,1,6,5,3,133
48,306,1,29,4,2,3,4,5,2,1,1,3,4,4,3,5,4,1,2,3,2,4,3,6,4,3,4,6,3,4,1,3,4,5,2,1,4,5,3,112
49,264,1,35,4,2,4,2,6,4,1,1,6,5,4,4,3,6,3,3,2,1,2,1,6,4,6,4,6,4,6,1,6,5,7,5,5,4,5,2,134
50,575,2,28,4,2,3,2,4,5,2,1,1,2,2,3,6,4,2,5,1,1,5,1,6,1,1,1,5,1,4,1,1,4,4,4,1,6,4,1,95
51,350,1,37,4,2,4,6,5,4,4,1,5,4,5,6,6,4,3,3,2,4,4,2,6,3,3,4,5,4,4,1,5,4,6,7,3,5,3,2,137
52,586,1,33,4,2,4,4,6,4,3,1,5,4,5,5,6,6,4,3,4,3,3,4,6,4,4,4,5,4,4,1,2,4,4,2,3,5,4,2,132
54,225,1,40,4,2,2,3,3,1,1,1,3,2,4,3,2,2,1,3,2,1,1,2,6,5,4,6,4,3,5,1,3,5,5,3,2,6,7,1,103
56,220,1,37,4,2,4,5,5,6,5,1,4,5,6,5,6,5,6,5,5,5,6,5,6,2,1,2,5,2,2,1,1,2,2,4,2,6,6,2,135
57,333,1,39,5,2,3,2,5,1,1,1,4,3,2,3,6,1,2,3,5,3,5,6,6,4,1,4,5,4,2,1,1,2,1,1,1,6,2,1,98
59,224,1,36,4,2,7,6,4,2,3,1,2,3,4,5,6,5,1,4,3,3,4,2,6,4,3,6,5,4,5,1,4,4,5,6,4,6,6,2,136
61,280,2,36,4,2,6,5,6,7,5,1,6,5,6,5,5,6,6,3,2,2,3,4,6,4,4,5,4,5,6,1,4,6,6,7,3,5,6,1,156
66,540,1,38,5,2,4,5,4,4,5,1,5,5,4,5,4,6,4,4,3,4,3,5,6,4,4,4,4,5,4,1,4,4,4,3,2,6,6,2,138
67,196,1,39,4,2,3,4,5,4,1,1,4,3,5,6,5,5,4,6,4,5,6,6,6,1,2,2,3,3,1,1,2,2,1,1,2,5,4,3,116
69,165,1,26,4,2,6,5,5,4,2,1,2,6,5,6,4,6,5,6,2,3,3,2,6,3,2,4,5,2,3,1,2,4,5,6,2,6,5,2,131
70,176,2,45,5,2,3,4,3,2,2,1,2,5,3,4,6,5,2,2,1,1,1,1,6,3,2,4,4,2,4,1,5,5,5,5,5,4,2,1,106
71,258,2,45,3,2,3,2,4,5,5,1,5,3,2,4,5,3,6,6,5,5,6,7,6,1,2,2,6,1,2,1,1,2,1,1,3,4,5,3,118
72,170,1,33,4,2,7,6,7,6,6,1,7,7,6,6,5,6,7,1,1,2,6,1,6,6,7,6,6,6,5,1,7,6,6,6,7,6,6,6,181
73,162,2,30,3,2,2,4,1,3,4,1,2,1,3,2,4,3,1,3,4,3,1,3,6,4,2,4,3,1,3,1,5,4,6,7,4,6,4,2,107
74,730,2,26,4,2,5,5,6,6,4,1,5,5,6,6,7,7,5,2,2,1,3,2,6,4,4,5,3,3,4,1,5,5,6,5,4,5,5,2,145
75,366,2,42,4,2,5,4,6,4,3,1,4,5,3,3,6,5,4,3,2,3,2,1,6,4,4,4,5,3,5,1,3,5,6,5,3,5,3,2,128
76,191,2,23,4,1,5,6,6,5,6,1,6,5,6,5,7,6,5,6,4,5,5,6,6,3,2,3,5,4,3,1,2,4,3,3,3,6,5,4,152
78,264,1,36,4,1,3,2,3,1,1,1,3,3,1,2,5,2,3,5,5,6,6,7,6,2,1,1,4,2,1,1,1,1,1,1,1,5,3,1,91
80,378,1,39,4,2,4,4,3,3,2,1,3,3,2,3,4,3,2,3,2,2,2,1,6,4,4,5,4,4,5,1,4,4,5,4,4,4,2,2,109
81,167,2,49,4,2,5,5,6,6,5,1,6,5,6,6,7,6,6,6,5,4,5,5,6,3,2,4,5,3,4,1,3,4,4,3,2,6,6,4,155
82,218,2,27,4,2,4,4,6,5,5,1,7,6,7,6,7,6,5,5,1,1,2,3,6,1,1,4,5,1,4,1,5,4,6,5,5,7,5,3,144
84,250,2,48,4,2,4,5,5,5,5,1,6,5,6,6,7,5,5,4,1,1,1,2,6,1,1,4,5,1,4,1,6,5,7,6,5,6,5,3,140
85,187,2,30,4,2,6,1,7,5,5,1,6,3,5,2,4,1,5,6,1,4,5,4,6,2,1,4,5,1,3,1,2,4,4,1,2,6,4,2,119
86,247,1,42,4,2,3,5,5,3,3,1,3,5,4,2,5,4,3,5,4,4,5,5,6,2,2,3,5,3,3,1,2,2,1,3,2,5,4,3,116
87,254,1,58,3,2,3,5,6,5,4,1,4,5,3,4,5,6,4,3,2,4,3,2,6,4,3,5,4,5,6,1,5,6,6,7,4,3,2,3,139
89,266,2,25,3,2,5,5,6,6,5,1,7,4,6,5,6,5,5,3,4,5,5,4,6,3,3,2,4,3,2,1,3,2,2,3,1,6,5,3,136
92,196,2,32,4,2,3,4,5,4,4,1,3,4,4,5,5,4,2,4,1,1,3,2,6,4,3,5,3,2,4,1,5,4,4,5,3,3,3,2,116
94,394,1,33,4,2,4,5,5,6,5,1,5,6,6,7,6,6,7,6,3,2,2,1,6,4,4,4,2,4,5,1,6,6,7,6,6,3,3,5,155
95,246,2,33,4,2,4,5,5,6,5,1,6,7,5,6,7,6,4,5,4,4,6,5,6,3,3,3,4,2,3,1,2,3,4,3,2,5,5,2,142
96,214,1,34,2,3,3,5,6,5,5,1,5,5,5,5,5,5,6,7,4,2,6,5,6,2,3,3,3,3,2,1,1,2,2,2,1,7,6,2,131
99,218,1,34,4,2,5,6,5,6,5,1,4,5,6,7,4,5,4,4,2,1,3,1,6,3,2,4,4,3,4,1,3,4,5,6,4,5,4,2,134
104,395,2,34,4,2,3,4,5,4,4,1,4,4,4,4,6,4,4,5,2,4,6,4,6,3,2,3,4,3,3,1,3,3,4,3,2,5,4,4,125
105,162,2,50,4,2,4,4,4,3,4,1,3,3,5,5,4,4,4,3,3,3,3,4,6,3,2,4,5,4,4,1,4,4,5,5,4,4,4,4,127
106,160,2,33,4,2,6,7,5,6,4,1,5,6,7,5,6,7,4,2,3,1,2,1,6,4,2,5,2,4,6,1,4,5,6,1,2,6,7,3,142
107,560,1,35,4,2,3,4,3,2,2,1,3,2,4,5,5,2,2,2,1,1,2,2,6,4,3,5,3,3,4,1,5,5,6,5,3,5,3,2,109
109,909,2,32,4,2,2,2,4,3,2,1,2,2,3,2,2,1,2,2,1,2,2,1,6,5,6,6,5,2,5,1,6,5,6,6,6,6,4,1,112
110,273,2,43,4,2,3,5,5,3,3,1,3,4,5,5,3,3,2,5,4,2,5,5,6,2,4,3,5,2,3,1,1,4,1,1,4,4,4,3,114
111,301,2,55,5,2,4,4,5,3,2,1,3,4,3,2,5,4,2,2,3,2,3,2,6,3,3,4,4,3,5,1,5,5,6,7,5,4,2,2,119
112,606,2,33,3,2,5,6,6,7,6,1,6,5,7,7,6,6,3,6,2,2,1,2,6,5,5,6,2,5,6,1,5,6,7,6,6,2,2,6,160
113,494,1,42,4,2,2,3,6,1,1,1,4,5,6,5,6,2,1,2,1,1,1,2,6,4,4,5,2,2,5,1,5,5,6,5,4,4,4,4,116
115,211,2,33,3,2,2,1,3,2,3,1,2,3,1,2,5,1,3,1,3,2,1,3,6,5,4,6,5,4,6,1,5,4,6,5,2,4,3,1,106
124,181,1,25,4,1,3,5,4,6,5,1,4,5,6,5,6,7,4,7,3,2,5,4,6,3,2,4,2,1,4,1,5,4,7,4,2,4,6,4,141
125,204,1,32,4,1,3,6,5,3,3,1,4,5,6,6,5,6,5,3,1,3,3,3,6,5,5,6,6,5,6,1,5,5,6,6,3,2,3,5,146
126,179,2,30,4,1,5,4,3,4,5,1,5,4,5,4,3,4,6,4,3,4,3,2,6,5,3,5,6,5,4,1,4,3,6,4,3,4,2,2,132
127,219,1,32,4,2,4,6,6,5,5,1,7,5,6,5,7,6,5,5,2,3,3,2,6,4,3,5,6,3,5,1,5,4,5,6,3,3,4,5,151
128,257,2,27,4,2,3,6,5,4,3,1,3,4,3,4,4,2,3,5,4,3,2,4,6,3,4,4,4,3,5,1,5,3,4,3,2,6,4,2,122
129,183,1,28,4,1,2,3,4,3,1,1,2,4,5,5,6,4,3,4,3,7,7,4,6,1,1,4,5,3,4,1,3,4,4,2,1,7,5,1,120
132,182,2,35,4,2,4,5,6,4,3,1,4,3,6,5,6,5,3,4,3,3,5,3,6,4,3,5,3,3,4,1,4,4,4,7,2,6,4,2,135
135,211,2,29,4,2,4,5,5,6,4,1,5,6,5,5,6,4,4,5,4,5,6,5,6,2,2,2,4,3,3,1,2,1,2,3,2,5,4,3,130
136,251,1,32,4,2,3,4,2,1,1,1,4,6,2,1,5,2,5,5,6,2,7,5,6,1,1,2,2,1,3,1,1,3,1,2,1,4,2,3,96
137,264,1,32,4,2,4,5,5,4,3,1,3,4,5,5,4,3,2,4,3,3,3,3,6,4,3,5,4,4,5,1,6,5,6,6,5,4,2,2,132
138,158,2,28,3,1,3,2,3,3,2,1,4,5,3,5,3,6,3,5,3,5,6,4,6,2,3,2,1,2,3,1,1,3,4,2,3,5,4,3,111
139,170,2,35,4,2,3,5,6,4,2,1,5,3,6,5,7,3,4,3,1,2,4,5,6,2,3,2,1,2,3,1,3,2,3,5,6,7,4,3,122
142,410,1,32,5,2,2,4,5,3,3,1,2,4,5,4,6,3,3,2,2,1,2,1,6,3,3,5,4,2,5,1,5,6,6,5,4,6,5,2,121
143,207,2,35,4,2,5,5,6,5,4,1,5,3,4,3,6,5,5,5,2,1,5,4,6,2,1,4,3,1,3,1,4,2,4,2,3,3,2,4,119
144,273,1,35,4,2,5,5,6,5,7,1,5,6,7,7,6,6,7,6,4,4,7,4,6,4,3,4,4,3,4,1,7,6,6,7,4,7,6,2,172
145,347,1,38,3,1,4,5,5,3,3,1,2,4,5,6,7,6,4,5,2,4,6,7,6,2,3,1,3,2,2,1,3,3,4,1,5,3,2,4,124
148,219,1,43,3,2,3,6,5,4,4,1,5,6,4,5,6,5,5,3,2,1,2,3,6,4,4,5,4,3,2,1,5,5,5,6,4,5,4,4,137
149,159,2,37,4,2,5,6,5,5,6,1,5,5,6,6,5,6,5,5,3,4,6,4,6,2,3,2,3,2,4,1,3,2,2,3,1,6,5,2,135
154,182,2,34,4,1,4,4,5,4,3,1,3,3,5,3,5,4,3,4,4,3,5,4,6,2,2,3,4,3,2,1,2,2,3,3,2,3,5,3,113
157,213,2,27,4,1,7,4,6,5,4,1,4,5,6,5,5,3,3,5,6,4,7,5,6,4,4,3,6,5,5,1,2,3,1,1,1,6,6,2,141
158,158,2,52,4,2,5,6,5,6,5,1,4,5,6,4,5,4,5,4,3,3,2,3,6,5,6,5,4,4,5,1,5,6,5,5,4,5,4,3,149
159,168,1,31,4,2,6,4,5,6,6,1,6,4,5,5,4,7,6,6,5,4,4,5,6,5,4,4,5,4,6,1,6,4,6,5,6,6,5,4,166
161,219,2,33,4,2,7,6,6,5,6,1,7,6,7,5,7,5,6,3,2,4,3,2,6,5,4,6,6,5,6,1,7,6,7,6,7,4,5,5,174
162,174,2,30,4,2,5,6,6,5,6,1,6,7,5,7,6,6,7,2,1,1,2,1,6,5,4,5,4,4,6,1,5,5,6,5,5,6,5,1,153
165,298,1,31,5,2,6,5,6,5,5,1,5,4,5,4,6,5,5,4,3,3,3,2,6,3,4,5,5,4,5,1,6,5,7,5,3,3,5,6,150
167,186,2,34,5,2,5,5,4,5,5,1,5,5,5,6,6,6,5,5,5,4,4,4,6,2,3,3,3,3,3,1,2,3,2,3,2,6,5,3,135
169,249,1,54,4,2,4,4,6,4,3,1,4,4,5,5,6,6,3,4,3,2,4,3,6,4,4,5,4,4,5,1,6,5,6,6,3,4,5,5,144
171,201,2,20,4,1,4,5,3,4,5,1,4,3,4,3,6,7,4,4,3,1,3,2,6,3,2,5,4,2,4,1,4,3,4,3,1,1,5,4,118
173,163,2,33,4,2,2,1,4,6,3,1,3,2,5,7,6,5,3,7,4,3,6,5,6,1,1,2,4,1,2,1,1,2,2,1,2,6,5,2,112
174,287,1,32,4,2,4,5,5,6,5,1,5,6,5,5,4,3,4,5,4,3,4,3,6,5,5,5,6,4,5,1,4,5,6,5,3,5,5,4,151
176,242,1,40,4,2,4,7,7,7,1,1,4,5,1,1,4,1,1,4,1,1,1,1,6,7,7,4,5,4,4,1,6,6,7,7,2,1,2,1,122
177,192,2,25,4,1,5,4,5,3,3,1,4,3,5,3,3,4,3,4,6,3,4,3,6,4,4,4,4,3,4,1,3,4,5,4,3,5,5,3,128
178,190,1,30,5,2,4,5,6,4,5,1,5,4,5,5,4,2,4,6,5,2,6,4,6,2,1,2,5,3,2,1,1,2,2,1,1,4,5,3,118
179,196,2,31,4,2,2,3,2,1,2,1,3,2,1,3,2,3,2,2,1,2,3,2,6,2,3,4,4,3,4,1,5,6,6,5,6,5,5,3,105
180,267,1,33,4,2,2,3,5,2,2,1,2,2,1,1,5,2,2,4,1,1,1,1,6,3,2,4,2,1,4,1,6,5,5,6,4,5,3,2,97
181,228,1,40,4,2,5,4,6,2,1,1,2,3,4,3,5,1,1,3,2,2,4,3,6,4,2,4,2,1,4,1,2,3,4,1,1,4,3,1,95
182,167,2,26,4,2,5,6,5,6,2,1,1,1,5,2,5,5,2,5,5,6,5,3,6,3,5,6,3,3,6,1,6,5,6,5,1,6,3,3,138
183,228,2,33,4,2,5,5,6,5,4,1,5,6,6,4,6,4,5,3,2,2,3,2,6,5,5,6,5,4,5,1,5,5,6,5,4,6,5,3,150
184,411,1,36,4,2,4,7,7,7,5,1,3,4,7,5,3,5,2,4,1,1,1,7,6,3,1,3,5,1,5,1,4,5,7,6,1,2,3,1,128
185,171,1,38,3,2,1,5,1,4,1,1,1,4,4,4,4,4,4,3,4,4,5,5,6,5,4,4,4,5,4,1,1,2,4,4,4,4,5,3,119
186,193,1,23,4,1,3,6,5,6,2,1,4,6,7,5,6,3,2,3,2,3,7,4,6,2,1,3,2,1,4,1,3,4,4,3,4,5,4,2,124
187,195,2,35,4,2,6,7,6,6,6,1,6,7,6,6,6,7,6,6,2,1,2,2,6,7,6,7,3,2,6,1,6,6,6,5,6,6,7,2,171
188,385,2,26,4,2,6,6,6,6,6,1,7,7,6,6,6,7,7,1,1,1,1,2,6,2,2,5,7,4,7,1,7,7,7,7,7,6,6,6,170
189,198,2,32,4,2,6,7,6,6,7,1,6,6,7,6,7,5,6,7,6,3,4,5,6,2,3,3,5,2,4,1,2,3,3,2,1,5,6,2,151
190,329,2,59,2,2,2,5,1,5,2,1,2,1,2,5,6,5,4,5,4,1,3,7,6,5,1,4,6,1,2,1,7,6,7,6,5,6,2,7,133
192,337,1,38,4,2,6,7,6,5,5,1,5,6,7,6,5,3,6,7,5,6,7,5,6,3,2,4,6,3,6,1,2,2,4,2,1,6,5,1,152
193,429,2,25,4,1,3,5,5,4,5,1,4,5,6,6,6,5,5,2,2,3,2,2,6,5,5,5,6,5,6,1,5,5,5,5,6,5,5,3,149
194,368,2,25,4,2,2,3,7,3,2,1,2,4,4,5,6,2,1,2,1,1,2,1,6,3,2,6,4,3,4,1,4,3,5,6,6,4,3,3,112
196,981,2,30,4,2,4,3,3,4,4,1,4,4,2,3,4,3,4,4,4,5,4,4,6,3,3,4,4,3,5,1,3,4,3,4,4,2,2,5,120
197,406,2,23,4,2,6,7,4,6,6,1,6,5,7,5,6,7,4,4,2,2,1,2,6,6,5,5,6,5,6,1,5,6,5,5,6,6,6,5,165
198,523,1,57,3,2,5,4,6,5,6,1,5,3,5,6,6,4,5,4,3,3,4,4,6,3,3,3,4,2,5,1,5,5,5,5,4,6,6,2,144
204,170,2,31,4,2,6,7,5,4,4,1,5,6,4,4,4,5,5,5,5,4,6,5,6,3,2,3,4,2,3,1,4,3,4,3,1,5,4,3,136
207,171,2,33,5,2,2,3,5,2,3,1,1,3,1,4,7,2,1,3,1,2,1,1,6,3,1,4,4,2,5,1,6,7,6,3,3,5,4,2,105
210,167,2,32,4,2,7,6,5,6,7,1,5,6,7,5,5,4,5,2,1,3,1,2,6,5,5,5,5,5,6,1,5,6,5,6,3,5,5,4,155
211,193,2,35,4,2,4,5,6,2,4,1,3,3,4,5,6,4,3,5,4,5,5,5,6,6,2,3,6,5,3,1,2,2,2,5,3,6,4,3,133
212,166,2,32,4,2,2,3,3,2,1,1,3,4,3,2,5,4,2,2,1,1,5,3,6,5,4,5,6,3,4,1,5,6,6,4,3,6,4,2,117
214,271,1,53,3,2,1,5,4,3,2,1,4,3,5,3,2,5,4,5,7,3,6,4,6,4,1,3,7,4,3,1,2,3,3,2,1,7,4,1,119
217,166,2,26,4,1,4,5,4,3,4,1,5,3,4,5,6,5,6,4,4,3,5,4,6,3,3,4,4,3,4,1,4,4,6,5,2,5,4,3,136
218,232,2,24,4,1,1,5,5,4,3,1,3,2,4,3,5,4,3,1,1,1,1,1,6,2,1,4,3,2,5,1,5,4,6,5,7,5,3,2,109
219,240,1,29,4,2,3,5,5,3,2,1,2,3,5,4,3,2,1,2,3,2,4,4,6,4,4,4,7,7,6,1,5,4,4,7,5,7,4,1,130
220,194,1,39,4,2,4,5,3,5,2,1,4,3,6,7,6,4,3,6,5,4,5,6,6,2,3,2,4,1,2,1,1,3,1,1,1,4,4,4,119
221,268,1,29,4,2,6,6,5,5,5,1,6,6,5,5,5,7,7,4,4,3,3,1,6,3,4,6,4,5,5,1,5,5,7,6,6,6,5,3,161
222,220,2,31,4,2,5,6,4,6,5,1,5,5,4,2,3,5,4,6,5,4,6,4,6,5,5,4,5,4,3,1,3,3,3,4,5,4,5,2,142
224,163,2,26,4,1,5,6,7,7,6,1,6,6,7,7,6,7,5,6,5,2,6,6,6,3,2,3,6,2,2,1,2,3,2,2,3,5,5,5,153
226,206,1,26,4,1,1,6,7,4,2,1,3,4,5,6,7,3,5,6,6,4,7,6,6,2,1,2,4,2,2,1,3,2,4,1,1,6,4,2,126
228,290,2,23,2,1,1,3,5,4,1,1,1,5,7,6,7,6,3,3,2,1,2,1,6,1,2,6,3,4,6,1,5,3,6,4,2,7,3,1,119
229,192,2,33,4,2,4,6,7,6,5,1,5,5,7,6,6,4,5,5,2,2,4,2,6,3,3,4,4,2,4,1,5,4,5,5,2,5,3,2,140
230,190,2,32,4,2,5,6,7,5,6,1,5,6,7,5,6,5,7,2,1,2,1,2,6,5,6,7,5,6,5,1,6,7,6,7,5,6,6,2,165
231,319,2,26,4,2,6,5,7,6,7,1,5,7,6,5,6,3,5,2,2,1,2,4,6,4,6,6,5,1,6,1,5,6,6,5,1,3,2,2,145
233,275,1,39,4,2,4,5,3,2,2,1,3,4,2,3,5,5,4,6,2,3,4,4,6,5,3,2,5,1,3,1,5,5,6,3,4,6,5,1,123
234,167,2,24,4,1,6,7,5,6,5,1,6,5,6,5,7,6,7,6,5,6,5,6,6,3,2,3,6,4,3,1,3,3,2,3,2,5,5,4,155
237,186,2,25,4,1,5,7,5,5,5,1,4,5,4,4,6,4,5,6,6,5,6,6,6,3,2,4,6,3,6,1,3,3,4,4,2,6,5,4,151
238,371,2,54,1,2,4,3,5,6,2,1,4,3,2,1,4,2,4,2,1,1,2,1,6,3,2,4,5,3,6,1,6,4,7,6,5,4,5,1,116
239,325,2,26,4,2,4,3,6,5,2,1,3,2,5,3,5,2,2,3,2,2,4,1,6,3,1,4,4,3,5,1,4,5,7,3,1,5,5,2,114
240,257,2,28,5,2,5,5,6,6,5,1,6,6,5,6,6,5,6,5,4,6,5,6,6,3,3,4,4,3,4,1,2,4,4,3,2,6,5,4,152
241,222,2,29,4,2,5,5,6,5,5,1,5,5,6,5,5,5,5,5,5,4,5,4,6,5,5,5,5,5,5,1,5,5,5,5,5,5,5,3,161
244,439,2,36,3,2,2,3,1,2,1,1,1,2,1,2,1,1,1,1,1,1,1,1,6,4,1,6,4,6,7,1,7,7,7,7,7,6,1,1,102
245,178,2,32,3,3,3,6,5,6,2,1,5,7,4,3,6,4,5,5,2,4,6,3,6,4,2,4,5,3,5,1,3,5,2,3,1,5,7,2,135
246,251,2,38,4,2,3,5,5,3,2,1,2,5,4,5,6,3,2,2,1,1,1,2,6,4,3,4,3,3,5,1,5,5,5,6,5,3,3,4,118
248,158,2,30,4,2,6,5,6,6,5,1,6,5,5,6,4,5,6,6,4,4,6,4,6,5,6,5,6,6,5,1,6,5,6,5,4,6,5,4,171
249,208,1,36,4,2,5,6,5,4,4,1,5,5,4,6,7,4,4,3,2,1,3,2,6,5,4,5,6,4,5,1,5,5,6,4,3,6,5,2,143
251,168,1,38,3,2,5,6,6,5,5,1,5,6,6,5,6,5,5,5,4,5,4,3,6,4,4,4,5,4,5,1,4,5,5,4,3,5,5,3,154
252,255,2,22,4,1,6,7,5,4,4,1,4,4,6,6,7,5,4,4,2,1,3,3,6,4,5,5,6,3,4,1,3,3,4,2,1,7,6,2,138
253,250,2,30,4,2,5,5,6,6,5,1,6,6,5,4,5,6,5,4,3,2,5,4,6,2,1,3,1,2,3,1,5,6,4,5,5,5,5,5,142
254,259,1,54,3,2,6,7,6,4,3,1,6,7,6,7,5,6,7,7,7,3,7,7,6,3,4,2,6,2,3,1,5,3,5,3,2,6,7,3,163
255,576,2,26,4,2,3,6,5,7,5,1,6,6,5,7,5,6,7,6,3,3,5,6,6,3,2,2,3,3,2,1,2,3,3,2,1,7,6,2,140
256,200,1,31,4,2,6,7,7,7,7,1,7,7,7,7,7,7,7,7,7,5,6,6,6,3,3,4,5,4,3,1,4,4,3,4,3,6,6,3,177
257,159,1,36,4,2,3,6,7,4,2,1,4,6,5,7,4,6,3,5,2,4,3,4,6,5,2,5,3,1,6,1,3,5,4,6,2,6,7,5,143
264,198,2,28,4,2,5,6,6,5,5,1,5,6,6,5,7,4,7,6,3,7,7,5,6,2,2,2,5,4,3,1,2,2,2,2,1,6,7,2,145
265,168,1,37,4,2,5,5,6,6,5,1,5,6,7,6,6,7,6,4,2,2,3,2,6,5,4,5,5,3,5,1,5,5,6,6,3,5,6,2,156
267,178,2,28,4,2,4,5,5,3,3,1,3,5,5,3,6,2,2,3,2,1,3,2,6,5,5,5,6,4,6,1,5,6,6,5,5,5,6,2,136
269,191,2,32,4,2,5,6,7,5,6,1,5,6,7,5,6,7,6,1,2,1,2,1,6,5,6,7,6,5,6,1,5,6,7,6,5,5,6,2,163
272,268,1,46,2,2,5,6,6,5,5,1,4,5,6,6,7,6,5,4,2,2,4,2,6,5,4,4,4,5,4,1,5,5,5,6,3,5,6,3,152
274,342,1,18,3,1,4,6,7,5,7,1,6,1,7,6,4,5,7,7,5,6,4,5,6,4,2,4,7,1,2,1,5,1,1,4,3,1,4,7,146
275,463,2,22,4,1,6,6,7,7,7,1,6,5,5,4,5,4,4,6,3,5,6,5,6,3,2,4,5,5,3,1,2,4,4,1,2,6,4,2,146
277,287,2,26,4,2,1,7,7,7,7,1,7,7,7,1,7,7,1,1,1,1,1,1,6,7,7,7,1,1,7,1,7,7,7,7,7,1,2,6,153
279,168,1,35,4,2,4,5,5,6,5,1,6,5,6,7,6,5,4,3,2,3,1,3,6,5,4,6,5,4,4,1,4,5,5,4,3,6,5,2,146
280,244,1,39,4,2,5,6,7,6,5,1,6,5,5,6,5,6,5,3,2,1,3,2,6,5,6,5,5,3,6,1,6,5,6,5,2,6,5,3,154
281,184,2,30,4,2,3,2,5,3,1,1,4,6,5,2,6,4,5,7,6,2,5,3,6,3,2,4,6,3,4,1,2,4,2,4,2,4,2,4,123
282,177,2,22,4,1,5,2,3,4,4,1,1,2,4,5,5,5,5,6,3,2,7,5,6,2,1,4,5,5,2,1,1,1,2,3,1,4,4,4,115
285,264,2,30,4,2,5,5,6,3,3,1,5,4,3,5,6,3,4,3,5,6,3,5,6,4,3,4,5,2,3,1,2,6,3,2,1,6,5,3,131
289,174,2,36,4,2,5,6,5,4,5,1,5,6,4,5,6,5,5,6,3,4,5,4,6,5,3,4,5,5,4,1,4,5,5,5,4,3,4,3,150
290,163,2,38,3,2,5,4,6,5,6,1,4,5,3,4,4,5,6,5,6,3,6,5,6,2,5,3,5,3,4,1,4,3,4,3,2,5,6,4,143
291,236,1,27,4,1,5,4,5,3,2,1,4,5,4,5,5,3,3,5,3,5,6,4,6,2,1,1,5,3,1,1,1,1,1,2,1,1,2,2,103
292,425,1,32,4,2,6,7,7,7,6,1,6,6,7,6,6,6,7,4,3,5,3,2,6,5,5,6,6,4,5,1,5,6,6,5,6,6,7,2,176
293,220,1,36,4,2,1,6,6,1,1,1,1,1,6,7,7,1,4,5,1,3,4,4,6,1,1,2,2,1,3,1,2,4,5,5,3,7,7,1,111
294,329,1,30,4,2,5,6,4,2,4,1,4,5,3,2,4,3,3,4,5,1,2,3,6,3,2,4,2,3,1,1,3,4,3,2,1,2,3,2,103
296,158,2,35,4,2,2,3,4,2,1,1,2,2,4,2,5,2,4,4,2,1,3,2,6,2,1,5,4,3,4,1,5,4,6,6,3,4,2,2,104
297,167,2,29,4,2,7,6,6,7,6,1,7,6,6,7,6,6,7,7,2,2,3,2,6,7,6,7,3,3,6,1,7,6,6,7,6,7,7,3,182
298,169,2,32,4,2,6,5,6,5,3,1,5,6,5,6,5,6,5,6,4,5,4,4,6,4,4,4,3,2,3,1,4,3,6,5,4,6,5,1,148
299,182,1,35,4,2,6,7,5,6,7,1,6,6,7,6,7,6,6,2,1,2,1,1,6,5,5,6,5,5,6,1,5,6,5,5,6,6,6,2,163
300,512,2,32,4,2,5,4,2,3,1,1,6,7,3,4,6,5,4,5,1,2,4,3,6,1,2,4,1,2,4,1,6,4,5,4,1,7,4,2,120
301,161,1,22,4,1,4,5,5,5,6,1,6,7,5,5,6,3,5,4,3,3,5,3,6,4,3,4,4,5,4,1,4,4,5,2,5,6,6,1,145
305,238,1,48,4,2,3,5,5,4,3,1,5,3,6,6,5,4,3,3,2,2,2,1,6,3,2,4,5,3,5,1,4,3,2,5,2,6,4,3,121
306,181,2,27,4,2,5,6,6,5,6,1,6,7,6,5,5,5,6,6,5,5,6,5,6,3,2,3,5,3,3,1,3,2,3,3,3,6,6,2,150
307,332,2,33,4,2,5,6,5,6,7,1,6,6,7,5,6,5,6,3,2,2,3,2,6,5,6,6,5,5,6,1,6,7,6,6,7,3,2,6,166
312,165,2,32,4,2,5,4,3,3,4,1,5,4,3,5,4,4,5,4,3,4,5,4,6,4,5,3,4,2,4,1,5,4,5,4,5,4,3,4,133
313,580,2,27,4,2,5,6,5,6,5,1,5,6,7,7,6,5,6,6,5,6,5,7,6,3,2,3,5,1,3,1,4,3,3,5,3,6,7,3,157
315,232,2,32,4,2,5,6,6,6,5,1,6,5,7,7,5,7,6,6,3,1,6,6,6,5,3,4,4,4,5,1,5,5,6,6,2,6,5,2,163
317,180,2,27,4,1,3,3,3,4,3,1,3,2,2,3,3,3,2,2,1,2,6,5,6,2,1,2,4,2,2,1,2,1,2,2,1,2,2,2,85
320,267,2,36,4,2,6,5,5,6,7,1,6,5,6,5,5,6,5,2,1,2,2,1,6,4,3,5,4,4,6,1,4,5,5,5,3,5,5,2,143
322,222,2,30,4,2,4,5,5,6,5,1,5,4,6,5,6,4,5,5,4,3,4,3,6,5,4,6,5,4,5,1,5,6,6,7,4,6,5,4,159
323,273,1,38,3,2,5,4,5,3,4,1,5,6,3,4,6,5,3,3,2,1,2,4,6,4,5,5,4,2,3,1,3,3,4,2,2,5,4,2,121
326,371,2,40,4,2,5,4,6,4,4,1,5,3,2,2,3,3,4,5,3,3,2,3,6,4,5,5,4,3,4,1,5,4,5,5,2,5,3,2,125
327,451,2,28,4,2,2,5,4,4,2,1,2,5,2,2,5,2,5,5,2,2,5,6,6,2,2,3,3,2,4,1,3,2,5,5,1,5,5,4,114
328,473,1,34,4,2,4,3,6,5,4,1,6,4,5,7,6,5,4,5,3,2,6,3,6,2,1,4,5,3,2,1,3,4,2,1,2,6,5,2,128
329,447,2,36,4,2,6,5,7,5,6,1,5,6,7,7,6,5,4,7,6,4,7,6,6,2,1,1,4,2,1,1,2,1,2,1,3,6,5,3,141
331,727,2,26,4,2,3,4,5,5,3,1,3,5,5,4,5,3,3,4,3,2,5,4,6,3,3,3,4,3,3,1,5,5,5,5,6,5,4,3,131
333,754,2,37,5,2,4,7,6,2,4,1,5,6,5,6,5,3,4,6,3,4,4,5,6,1,2,4,5,4,3,1,2,5,3,3,2,6,5,2,134
337,158,1,33,4,2,7,5,6,6,7,1,5,6,6,7,5,5,7,5,4,4,3,3,6,5,5,6,5,4,4,1,4,4,6,5,3,4,4,2,160
338,163,2,30,4,2,7,7,7,7,6,1,6,7,5,6,6,4,7,2,1,1,3,2,6,5,7,7,4,5,6,1,5,7,6,5,1,4,6,3,163
339,195,1,34,4,2,2,4,5,3,1,1,2,3,5,5,6,4,2,2,1,1,2,1,6,4,4,5,5,4,5,1,5,6,6,7,4,7,6,1,126
342,162,2,22,5,1,6,5,7,7,7,1,6,5,6,6,7,7,5,6,4,5,6,3,6,5,3,5,6,4,5,1,5,4,5,3,3,4,5,3,166
343,186,1,27,4,2,4,6,7,4,3,1,3,3,6,7,5,6,2,5,2,3,6,5,6,2,1,3,5,2,1,1,4,4,2,3,1,6,5,4,128
347,294,1,23,4,2,6,7,6,5,7,1,7,6,7,6,2,1,6,2,1,3,2,1,6,1,3,6,5,1,5,1,6,3,4,3,1,1,5,1,128
357,183,1,40,4,2,5,6,6,6,4,1,6,7,6,6,6,7,4,5,2,1,1,4,6,4,4,5,5,3,5,1,6,5,6,6,6,5,5,1,156
358,301,2,38,4,2,7,6,7,5,6,1,6,5,6,5,7,5,7,2,1,3,4,3,6,4,5,5,5,6,5,1,5,5,5,5,6,6,6,2,163
359,220,1,34,3,2,6,5,7,5,7,1,7,6,6,6,7,5,7,3,2,4,2,2,6,5,5,5,4,4,5,1,5,5,6,4,3,6,5,1,158
360,165,1,41,4,2,5,5,5,6,5,1,6,6,7,7,6,6,5,5,6,5,6,6,6,5,4,4,5,4,4,1,5,4,5,5,3,6,6,3,168
361,292,1,34,4,2,5,6,6,6,6,1,5,5,6,6,5,5,6,5,3,3,3,2,6,4,3,4,4,3,5,1,5,5,6,5,5,5,5,3,153
362,163,1,30,4,2,5,6,6,4,2,1,3,3,5,6,5,5,4,4,4,5,6,4,6,4,3,2,4,5,3,1,2,3,3,2,2,6,4,3,131
363,232,2,29,4,2,4,3,6,2,1,1,3,6,5,7,5,3,4,2,3,1,6,2,6,5,3,7,1,4,5,1,5,4,5,3,1,6,3,5,128
366,163,2,26,4,2,3,4,4,5,2,1,4,5,6,7,6,5,4,2,1,2,3,1,6,3,2,4,3,3,4,1,5,4,6,5,4,5,6,2,128
367,188,2,32,4,2,5,4,5,6,4,1,3,5,2,6,5,3,6,3,1,2,3,3,6,3,2,5,6,4,6,1,3,4,5,3,1,6,5,2,129
368,208,1,31,5,2,6,5,5,6,3,1,5,6,5,4,5,4,4,4,3,3,2,3,6,4,5,5,5,4,5,1,5,6,7,7,4,3,4,5,150
369,429,2,33,4,2,6,5,6,7,6,1,6,7,6,4,6,6,7,6,5,6,7,7,6,7,6,4,6,5,7,1,6,7,6,6,4,7,6,2,190
370,261,2,27,4,2,2,5,6,4,3,1,3,5,4,4,6,3,4,3,2,1,5,1,6,2,3,5,4,3,5,1,5,6,7,7,6,6,5,2,135
371,348,2,27,4,2,1,3,3,2,3,1,2,2,3,4,4,1,3,4,2,1,3,4,6,1,1,2,4,1,2,1,3,5,6,4,1,3,3,2,91
372,210,2,29,4,2,3,6,6,6,3,1,2,2,6,6,6,3,2,2,1,1,2,2,6,2,2,4,3,5,6,1,6,4,6,6,5,6,6,2,130
373,247,1,35,4,2,5,6,5,4,3,1,5,6,5,3,5,4,3,6,4,3,5,5,6,3,2,3,5,4,3,1,3,2,4,3,2,5,6,2,132
376,201,1,25,4,1,5,6,7,6,4,1,6,7,5,6,7,5,6,4,2,3,1,3,6,5,4,6,5,1,4,1,5,4,6,5,2,7,5,3,153
377,161,2,26,4,1,3,5,5,4,5,1,5,6,4,3,5,5,6,6,7,6,7,5,6,6,4,4,6,3,3,1,2,4,4,2,6,6,5,4,154
378,222,1,59,4,2,5,4,5,3,3,1,3,3,3,3,5,3,3,3,3,3,2,2,6,3,5,5,6,5,5,1,3,6,6,6,2,7,3,2,128
379,231,2,43,4,2,6,7,6,7,6,1,7,6,7,5,6,5,6,5,4,3,2,2,6,5,5,6,6,5,6,1,6,6,7,6,7,6,7,6,182
381,224,2,30,4,2,4,6,6,5,5,1,4,5,6,5,5,4,5,3,2,1,2,2,6,5,5,5,5,4,5,1,5,5,6,6,5,4,5,4,147
384,184,2,32,4,2,5,6,7,5,5,1,5,6,6,7,6,5,6,6,4,4,5,4,6,2,3,3,4,4,3,1,3,3,4,3,3,6,7,2,150
387,226,1,25,5,1,5,6,5,6,6,1,5,6,6,6,5,6,5,6,2,2,4,2,6,2,2,5,5,3,5,1,5,5,5,5,6,5,5,1,150
390,270,2,35,4,2,3,3,4,3,3,1,4,3,3,4,4,4,5,4,5,2,5,3,6,5,5,4,4,2,3,1,3,3,3,3,2,4,4,3,118
391,232,2,25,3,1,5,5,6,7,5,1,4,5,5,5,6,4,5,7,3,3,5,3,6,3,3,4,3,3,4,1,4,4,5,5,6,6,4,3,148
392,175,2,30,5,2,4,5,5,4,4,1,5,5,4,6,7,4,5,5,3,3,5,2,6,1,2,4,4,3,2,1,3,3,4,5,2,5,5,2,129
394,305,2,24,4,1,5,6,7,6,5,1,5,6,7,5,6,7,6,6,5,5,7,5,6,2,3,2,3,2,1,1,2,1,1,2,3,6,6,2,143
396,434,1,28,4,2,6,6,5,6,5,1,5,6,6,6,7,3,3,3,2,1,3,2,6,2,3,5,4,3,3,1,6,6,7,6,6,6,3,1,144
398,167,2,27,4,2,5,6,7,6,5,1,6,5,7,6,5,7,6,2,3,1,2,3,6,4,5,6,3,2,5,1,6,7,6,5,6,6,5,2,158
399,181,2,33,4,2,2,3,3,2,1,1,2,3,4,2,3,4,1,2,1,1,3,3,6,5,4,5,6,3,4,1,6,5,6,6,2,5,3,2,110
400,174,2,36,4,2,6,6,7,5,6,1,5,7,7,6,7,7,5,2,1,1,1,2,6,4,4,4,3,1,4,1,6,7,7,7,6,7,5,2,156
401,371,1,32,4,2,3,2,4,5,2,1,3,6,5,5,7,6,4,5,3,4,6,4,6,4,3,3,6,4,4,1,2,2,4,6,1,3,2,4,130
402,163,1,38,4,2,3,5,4,6,3,1,5,4,6,5,3,4,6,3,4,2,5,3,6,4,5,4,6,2,4,1,5,3,6,4,2,5,4,2,135
403,167,2,33,4,2,4,6,5,7,5,1,6,4,6,4,6,4,7,4,5,6,4,6,6,4,5,3,4,1,5,1,6,4,6,7,6,6,4,3,161
404,197,1,40,5,2,7,7,6,7,6,1,7,6,6,7,6,7,6,4,3,4,3,4,6,3,4,3,4,3,4,1,4,4,5,4,5,6,5,3,161
405,259,1,28,5,1,4,3,3,2,2,1,2,3,4,4,3,2,3,4,4,2,3,4,6,3,3,4,5,3,4,1,3,4,4,2,1,5,3,2,106
408,200,2,27,3,2,2,6,6,7,6,1,7,6,1,1,1,5,7,7,4,6,6,7,6,1,1,1,4,2,1,1,1,1,1,1,2,7,6,2,124
413,299,1,36,3,2,3,5,6,4,4,1,4,4,5,4,5,4,4,5,6,4,6,5,6,3,3,3,6,4,2,1,3,2,2,3,2,6,5,2,132
414,189,2,38,4,2,4,6,7,4,6,1,5,7,4,5,6,4,5,6,5,4,5,6,6,2,1,3,5,4,1,1,2,2,3,1,1,6,5,2,135
415,450,1,41,4,2,2,5,5,5,5,1,4,2,6,6,6,5,3,2,1,1,2,2,6,5,4,5,2,3,5,1,6,4,6,5,5,5,5,2,132
418,162,1,27,4,1,5,4,7,4,5,1,5,5,6,4,7,4,6,6,4,5,6,4,6,5,5,6,4,3,3,1,5,3,4,5,5,5,4,5,157
419,160,2,30,4,2,5,5,6,5,6,1,5,6,6,7,7,5,6,2,2,1,5,1,6,5,4,5,4,2,5,1,5,5,6,5,5,7,6,2,154
421,182,1,29,4,2,7,6,6,7,6,1,6,7,6,7,7,6,6,3,2,2,3,2,6,4,4,5,5,4,5,1,5,5,5,6,6,6,6,1,164
423,185,2,39,4,2,5,6,5,5,5,1,4,6,6,6,6,4,4,5,4,3,5,4,6,1,1,4,4,1,1,1,3,2,3,5,2,6,4,2,130
424,207,1,28,4,2,6,7,5,4,6,1,6,4,7,5,4,6,3,6,7,4,3,6,6,7,5,4,5,3,6,1,6,3,6,3,4,5,5,4,163
425,217,2,32,4,2,5,6,5,6,6,1,6,5,6,7,6,5,6,5,4,4,5,5,6,2,3,4,3,4,5,1,4,4,3,4,3,6,5,2,152
430,385,1,42,4,2,3,2,3,2,1,1,2,3,2,4,2,3,2,2,1,2,3,1,6,7,6,6,7,6,7,1,5,6,7,5,4,4,5,3,124
431,256,2,29,4,1,4,3,5,3,3,1,3,4,3,3,5,3,2,2,1,2,4,2,6,4,2,5,1,1,4,1,5,4,6,5,3,5,4,4,113
432,206,2,42,5,2,5,4,6,3,2,1,3,4,5,7,5,4,3,2,1,2,4,3,6,3,1,4,2,1,4,1,5,6,5,7,3,6,4,2,124
433,160,1,21,4,1,3,2,5,2,1,1,6,7,6,5,7,4,2,5,4,3,7,6,6,2,1,3,7,4,2,1,2,3,3,6,1,7,6,3,133
434,222,1,32,4,2,4,5,4,5,4,1,5,4,5,5,4,5,4,5,4,5,5,4,6,4,5,4,5,5,4,1,4,5,4,5,4,5,4,4,147
435,219,2,32,4,2,3,2,3,2,1,1,2,3,4,3,4,2,1,3,2,2,3,2,6,4,4,5,4,5,5,1,5,5,7,6,5,4,3,3,115
439,245,2,33,4,2,6,5,6,5,7,1,6,5,7,6,5,5,6,5,4,5,6,5,6,3,3,3,5,2,3,1,4,4,3,3,3,6,5,3,152
440,210,1,29,3,2,4,5,6,6,5,1,4,5,5,3,4,1,3,5,6,3,6,7,6,2,1,2,6,3,4,1,1,2,1,7,1,7,2,4,129
442,159,1,39,4,2,5,6,5,4,4,1,5,4,6,4,6,5,6,5,3,2,3,2,6,4,3,5,5,4,5,1,6,5,6,5,3,5,4,6,149
444,265,1,24,4,1,6,7,6,7,5,1,4,6,6,7,5,6,5,5,6,4,6,7,6,3,3,4,5,3,4,1,4,3,5,3,2,6,4,4,159
445,157,2,31,4,2,6,6,4,6,6,1,6,6,5,4,6,4,5,6,6,4,6,4,6,6,5,7,7,4,7,1,6,5,5,6,4,5,5,5,175
446,168,2,36,4,2,3,5,5,2,2,1,2,3,5,3,6,2,2,1,1,1,3,2,6,5,2,5,2,1,4,1,6,4,6,6,3,5,4,1,110
447,172,1,29,4,2,6,6,6,6,6,1,6,6,6,6,6,6,6,6,2,2,2,2,6,5,6,6,6,4,5,1,4,6,6,6,6,6,6,1,167
452,410,1,28,4,2,2,1,2,3,1,1,2,1,3,2,3,3,2,2,1,1,2,3,6,4,3,4,4,2,3,1,6,5,6,5,6,5,5,3,103
461,208,1,39,5,2,5,4,5,6,4,1,6,5,5,4,6,4,5,6,3,1,2,1,6,5,5,6,5,1,5,1,5,5,6,5,4,7,6,1,146
466,179,1,38,4,2,7,7,7,7,7,1,7,7,7,7,7,7,7,7,7,4,4,3,6,4,4,4,4,4,4,1,3,3,3,3,1,7,7,3,171
468,157,2,45,4,2,5,5,6,5,6,1,5,6,6,4,5,4,6,4,4,2,3,3,6,5,6,6,6,4,4,1,6,5,6,5,4,4,4,3,155
469,224,2,35,2,2,3,5,6,5,5,1,5,6,5,6,5,2,5,5,3,3,5,4,6,4,3,5,6,5,5,1,4,5,5,6,5,5,5,3,152
471,240,1,26,4,2,7,7,7,7,7,1,7,7,7,7,7,7,7,7,2,1,6,2,6,2,2,4,2,2,2,1,7,4,7,2,2,7,7,1,161
472,200,1,54,4,1,2,3,3,3,2,1,3,3,2,3,5,3,3,2,2,1,2,2,6,2,2,4,4,3,4,1,4,4,5,4,3,3,2,2,98
473,214,2,27,4,1,3,5,6,3,2,1,2,3,5,6,5,4,2,5,3,2,4,3,6,3,4,5,4,4,5,1,5,6,5,5,4,5,4,1,131
476,164,2,29,3,2,3,4,5,3,1,1,2,1,4,5,4,2,2,3,1,4,4,5,6,2,1,3,4,2,2,1,4,2,3,4,3,4,3,2,100
477,183,1,28,4,2,4,5,5,6,4,1,4,5,4,5,6,3,5,1,2,3,6,5,6,4,3,4,4,3,6,1,5,5,6,5,7,5,3,3,144
478,157,1,21,4,1,4,3,3,2,2,1,3,5,5,5,5,6,6,3,3,4,5,2,6,4,4,5,5,4,5,1,5,5,5,6,5,4,4,5,140
479,175,1,31,4,2,5,6,6,5,5,1,5,5,6,5,5,6,5,5,4,4,4,3,6,2,2,4,4,3,5,1,5,6,3,3,1,5,4,4,143
480,316,1,55,3,2,4,5,5,4,3,1,4,3,2,2,3,3,2,5,4,3,4,4,6,4,5,5,6,4,4,1,2,3,3,2,1,4,3,3,117
481,208,1,40,4,2,6,6,6,6,6,1,6,6,6,6,6,6,6,3,2,3,3,2,6,4,3,4,4,3,4,1,2,4,4,2,1,6,6,3,143
483,174,1,26,2,2,1,5,4,1,1,1,2,3,5,3,5,5,3,2,1,2,3,3,6,1,3,4,1,1,7,1,6,5,6,7,4,5,1,5,113
485,158,1,26,5,2,6,3,5,7,5,1,3,6,5,3,6,3,6,4,6,2,6,3,6,4,2,6,5,6,3,1,5,6,6,3,6,6,3,6,154
486,165,2,27,4,2,2,6,7,5,6,1,6,7,5,6,7,5,6,6,3,2,7,6,6,2,1,2,2,1,2,1,2,3,3,2,1,7,5,2,135
487,228,1,41,4,2,3,2,3,1,2,1,2,3,2,1,2,3,2,4,3,2,1,2,6,4,5,4,3,2,5,1,5,4,5,6,1,2,2,3,97
488,289,1,49,2,2,5,7,6,4,3,1,2,6,5,7,6,5,4,2,3,1,4,2,6,3,1,4,2,3,5,1,7,4,6,7,2,5,6,3,138
490,409,1,42,2,2,5,6,6,4,4,1,3,4,5,3,6,6,4,5,5,3,5,5,6,3,3,3,5,4,2,1,3,3,4,4,3,5,4,3,136
491,160,1,35,4,2,5,6,6,5,5,1,5,5,6,6,6,6,6,3,3,4,4,3,6,4,3,4,5,4,5,1,4,4,4,5,3,5,5,3,150
493,185,1,51,1,3,2,1,3,1,2,1,2,2,4,5,5,6,4,5,4,4,6,5,6,3,2,2,4,3,3,1,2,2,1,1,2,5,4,3,106
496,206,2,28,4,2,3,4,4,3,2,1,2,3,4,3,5,2,2,2,1,2,1,2,6,3,2,5,3,2,2,1,6,7,6,6,5,6,2,1,109
502,232,2,23,4,1,2,3,5,1,1,1,4,4,4,5,6,2,3,4,4,2,5,4,6,1,1,2,4,3,2,1,3,2,3,4,1,5,4,2,104
503,181,1,40,5,2,3,5,7,2,4,1,4,2,6,3,7,5,2,1,3,2,1,3,6,5,6,5,4,5,6,1,3,5,4,2,1,7,6,2,129
504,182,1,35,5,2,1,2,2,1,1,1,2,4,6,7,5,5,1,3,1,1,3,2,6,1,1,4,5,2,4,1,7,6,7,6,1,1,4,6,110
505,266,2,30,4,2,3,2,3,2,2,1,2,1,3,2,3,1,3,2,1,2,1,2,6,2,1,5,5,2,2,1,6,7,6,6,6,6,2,1,100
506,211,2,29,4,2,6,7,5,6,4,1,5,6,4,6,5,7,5,7,7,3,6,5,6,2,1,4,5,4,4,1,3,5,5,6,3,5,6,5,160
511,195,2,28,3,2,2,6,6,6,3,1,1,1,6,5,5,2,4,5,5,3,5,5,6,1,1,1,4,1,1,1,1,1,1,4,1,7,5,2,109
513,158,1,29,4,2,6,6,6,7,5,1,5,5,6,7,7,7,5,4,3,4,4,3,6,4,4,4,4,3,4,1,5,5,5,5,6,5,5,1,158
515,175,1,22,4,2,6,5,3,5,3,1,5,4,3,6,5,3,2,3,2,1,4,2,6,5,2,5,5,5,4,1,3,4,4,2,3,6,6,3,127
516,174,2,28,5,2,4,3,3,2,2,1,2,1,3,2,4,3,2,2,1,1,2,1,6,4,3,4,4,3,5,1,6,5,6,5,4,4,3,1,103
517,305,2,35,3,2,1,2,4,1,1,1,2,2,5,4,3,4,2,5,3,1,3,1,6,4,2,5,4,3,4,1,4,4,5,4,1,3,2,2,99
518,247,1,33,4,2,4,5,6,5,4,1,5,6,7,5,6,7,4,5,6,7,6,5,6,3,4,3,4,3,3,1,2,3,4,2,1,6,5,3,147
525,210,1,43,4,2,5,5,5,5,5,1,5,5,6,5,5,5,5,3,3,1,1,1,6,4,4,4,3,2,4,1,5,5,7,7,4,5,5,3,140
